"","DATA_OC","DT_HR_LOCAL","NAME_OBJETO","NAME_SETOR","CD_ID_FRAME"
"1","{""PRENSA"":{""ESTADO"":""OPERANDO"",""OPERADOR"":""TRABALHANDO""},""BOBINA"":{""ESTADO"":""OPERANDO"",""VOLUME"":""BAIXO""}}",2025-11-08 10:51:11,"SETREMA","CORTE-ESTAMPO","301393"
"2","{""DOBRA"":{""ESTADO"":""PARADO""},""SOLDA"":{""ESTADO,:""PARADO""}}",2025-11-08 10:51:13,"DOBRA","DOBRA","301409"
"3","{""DOBRA"":{""ESTADO"":""OPERANDO""},""SOLDA"":{""ESTADO"":""OPERANDO""}}",2025-11-08 10:51:16,"DOBRA","DOBRA","301472"
"4","{""DOBRA"":{""ESTADO"":""PARADO""},""SOLDA"":{""ESTADO"":""OPERANDO""}}",2025-11-08 10:51:47,"DOBRA","DOBRA","301940"
"5","{""DOBRA"":{""ESTADO"":""OPERANDO""},""SOLDA"":{""ESTADO"":""OPERANDO""}}",2025-11-08 10:51:55,"DOBRA","DOBRA","302045"
"6","{""DOBRA"":{""ESTADO"":""PARADO""},""SOLDA"":{""ESTADO"":""OPERANDO""}}",2025-11-08 10:52:09,"DOBRA","DOBRA","302267"
"7","{""DOBRA"":{""ESTADO"":""OPERANDO""},""SOLDA"":{""ESTADO"":""OPERANDO""}}",2025-11-08 10:52:13,"DOBRA","DOBRA","302321"
"8","{""DOBRA"":{""ESTADO"":""PARADO""},""SOLDA"":{""ESTADO"":""OPERANDO""}}",2025-11-08 10:52:27,"DOBRA","DOBRA","302546"
"9","{""DOBRA"":{""ESTADO"":""OPERANDO""},""SOLDA"":{""ESTADO"":""OPERANDO""}}",2025-11-08 10:52:31,"DOBRA","DOBRA","302591"
"10","{""DOBRA"":{""ESTADO"":""PARADO""},""SOLDA"":{""ESTADO"":""OPERANDO""}}",2025-11-08 10:52:51,"DOBRA","DOBRA","302888"
"11","{""DOBRA"":{""ESTADO"":""OPERANDO""},""SOLDA"":{""ESTADO"":""OPERANDO""}}",2025-11-08 10:53:08,"DOBRA","DOBRA","303146"
"12","{""DOBRA"":{""ESTADO"":""PARADO""},""SOLDA"":{""ESTADO"":""OPERANDO""}}",2025-11-08 10:53:11,"DOBRA","DOBRA","303197"
"13","{""DOBRA"":{""ESTADO"":""OPERANDO""},""SOLDA"":{""ESTADO"":""OPERANDO""}}",2025-11-08 10:53:38,"DOBRA","DOBRA","303608"
"14","{""DOBRA"":{""ESTADO"":""PARADO""},""SOLDA"":{""ESTADO"":""OPERANDO""}}",2025-11-08 10:53:42,"DOBRA","DOBRA","303656"
"15","{""DOBRA"":{""ESTADO"":""OPERANDO""},""SOLDA"":{""ESTADO"":""OPERANDO""}}",2025-11-08 10:53:45,"DOBRA","DOBRA","303704"
"16","{""DOBRA"":{""ESTADO"":""PARADO""},""SOLDA"":{""ESTADO"":""OPERANDO""}}",2025-11-08 10:53:59,"DOBRA","DOBRA","303905"
"17","{""DOBRA"":{""ESTADO"":""OPERANDO""},""SOLDA"":{""ESTADO"":""OPERANDO""}}",2025-11-08 10:54:06,"DOBRA","DOBRA","304010"
"18","{""DOBRA"":{""ESTADO"":""PARADO""},""SOLDA"":{""ESTADO"":""PARADO""}}",2025-11-08 10:54:13,"DOBRA","DOBRA","304115"
"19","{""DOBRA"":{""ESTADO"":""OPERANDO""},""SOLDA"":{""ESTADO"":""OPERANDO""}}",2025-11-08 10:54:16,"DOBRA","DOBRA","304169"
"20","{""DOBRA"":{""ESTADO"":""PARADO""},""SOLDA"":{""ESTADO"":""OPERANDO""}}",2025-11-08 10:54:33,"DOBRA","DOBRA","304424"
"21","{""DOBRA"":{""ESTADO"":""OPERANDO""},""SOLDA"":{""ESTADO"":""OPERANDO""}}",2025-11-08 10:54:39,"DOBRA","DOBRA","304520"
"22","{""DOBRA"":{""ESTADO"":""PARADO""},""SOLDA"":{""ESTADO"":""OPERANDO""}}",2025-11-08 10:54:46,"DOBRA","DOBRA","304619"
"23","{""DOBRA"":{""ESTADO"":""OPERANDO""},""SOLDA"":{""ESTADO"":""OPERANDO""}}",2025-11-08 10:54:53,"DOBRA","DOBRA","304721"
"24","{""DOBRA"":{""ESTADO"":""PARADO""},""SOLDA"":{""ESTADO"":""OPERANDO""}}",2025-11-08 10:55:10,"DOBRA","DOBRA","304977"
"25","{""DOBRA"":{""ESTADO"":""OPERANDO""},""SOLDA"":{""ESTADO"":""OPERANDO""}}",2025-11-08 10:55:13,"DOBRA","DOBRA","305027"
"26","{""DOBRA"":{""ESTADO"":""PARADO""},""SOLDA"":{""ESTADO"":""OPERANDO""}}",2025-11-08 10:55:23,"DOBRA","DOBRA","305180"
"27","{""DOBRA"":{""ESTADO"":""OPERANDO""},""SOLDA"":{""ESTADO"":""OPERANDO""}}",2025-11-08 10:55:26,"DOBRA","DOBRA","305225"
"28","{""DOBRA"":{""ESTADO"":""PARADO""},""SOLDA"":{""ESTADO"":""PARADO""}}",2025-11-08 10:55:46,"DOBRA","DOBRA","305522"
"29","{""DOBRA"":{""ESTADO"":""PARADO""},""SOLDA"":{""ESTADO"":""OPERANDO""}}",2025-11-08 10:55:50,"DOBRA","DOBRA","305573"
"30","{""DOBRA"":{""ESTADO"":""OPERANDO""},""SOLDA"":{""ESTADO"":""OPERANDO""}}",2025-11-08 10:55:53,"DOBRA","DOBRA","305624"
"31","{""DOBRA"":{""ESTADO"":""PARADO""},""SOLDA"":{""ESTADO"":""OPERANDO""}}",2025-11-08 10:56:00,"DOBRA","DOBRA","305729"
"32","{""DOBRA"":{""ESTADO"":""OPERANDO""},""SOLDA"":{""ESTADO"":""OPERANDO""}}",2025-11-08 10:56:04,"DOBRA","DOBRA","305780"
"33","{""DOBRA"":{""ESTADO"":""PARADO""},""SOLDA"":{""ESTADO"":""OPERANDO""}}",2025-11-08 10:56:07,"DOBRA","DOBRA","305834"
"34","{""DOBRA"":{""ESTADO"":""OPERANDO""},""SOLDA"":{""ESTADO"":""OPERANDO""}}",2025-11-08 10:56:17,"DOBRA","DOBRA","305987"
"35","{""DOBRA"":{""ESTADO"":""PARADO""},""SOLDA"":{""ESTADO"":""OPERANDO""}}",2025-11-08 10:56:21,"DOBRA","DOBRA","306041"
"36","{""DOBRA"":{""ESTADO"":""OPERANDO""},""SOLDA"":{""ESTADO"":""OPERANDO""}}",2025-11-08 10:56:28,"DOBRA","DOBRA","306143"
"37","{""DOBRA"":{""ESTADO"":""PARADO""},""SOLDA"":{""ESTADO"":""PARADO""}}",2025-11-08 10:56:31,"DOBRA","DOBRA","306197"
"38","{""DOBRA"":{""ESTADO"":""OPERANDO""},""SOLDA"":{""ESTADO"":""OPERANDO""}}",2025-11-08 10:57:01,"DOBRA","DOBRA","306641"
"39","{""DOBRA"":{""ESTADO"":""PARADO""},""SOLDA"":{""ESTADO"":""OPERANDO""}}",2025-11-08 10:57:14,"DOBRA","DOBRA","306842"
"40","{""DOBRA"":{""ESTADO"":""OPERANDO""},""SOLDA"":{""ESTADO"":""OPERANDO""}}",2025-11-08 10:57:21,"DOBRA","DOBRA","306944"
"41","{""DOBRA"":{""ESTADO"":""PARADO""},""SOLDA"":{""ESTADO"":""PARADO""}}",2025-11-08 10:57:32,"DOBRA","DOBRA","307103"
"42","{""DOBRA"":{""ESTADO"":""OPERANDO""},""SOLDA"":{""ESTADO"":""OPERANDO""}}",2025-11-08 10:57:35,"DOBRA","DOBRA","307157"
"43","{""DOBRA"":{""ESTADO"":""PARADO""},""SOLDA"":{""ESTADO"":""OPERANDO""}}",2025-11-08 10:57:57,"DOBRA","DOBRA","307481"
"44","{""DOBRA"":{""ESTADO"":""OPERANDO""},""SOLDA"":{""ESTADO"":""OPERANDO""}}",2025-11-08 10:58:04,"DOBRA","DOBRA","307592"
"45","{""DOBRA"":{""ESTADO"":""PARADO""},""SOLDA"":{""ESTADO"":""PARADO""}}",2025-11-08 10:58:11,"DOBRA","DOBRA","307691"
"46","{""DOBRA"":{""ESTADO"":""PARADO""},""SOLDA"":{""ESTADO"":""OPERANDO""}}",2025-11-08 10:58:14,"DOBRA","DOBRA","307742"
"47","{""DOBRA"":{""ESTADO"":""PARADO""},""SOLDA"":{""ESTADO"":""PARADO""}}",2025-11-08 10:58:18,"DOBRA","DOBRA","307796"
"48","{""DOBRA"":{""ESTADO"":""PARADO""},""SOLDA"":{""ESTADO"":""OPERANDO""}}",2025-11-08 10:58:21,"DOBRA","DOBRA","307847"
"49","{""DOBRA"":{""ESTADO"":""OPERANDO""},""SOLDA"":{""ESTADO"":""OPERANDO""}}",2025-11-08 10:58:25,"DOBRA","DOBRA","307901"
"50","{""DOBRA"":{""ESTADO"":""PARADO""},""SOLDA"":{""ESTADO"":""OPERANDO""}}",2025-11-08 10:58:28,"DOBRA","DOBRA","307952"
"51","{""DOBRA"":{""ESTADO"":""OPERANDO""},""SOLDA"":{""ESTADO"":""OPERANDO""}}",2025-11-08 10:58:32,"DOBRA","DOBRA","308006"
"52","{""PRENSA"":{""ESTADO"":""PARADO"",""OPERADOR"":""TRABALHANDO""},""BOBINA"":{""ESTADO"":""OPERANDO"",""VOLUME"":""BAIXO""}}",2025-11-08 10:58:45,"SETREMA","CORTE-ESTAMPO","308205"
"53","{""DOBRA"":{""ESTADO"":""PARADO""},""SOLDA"":{""ESTADO"":""OPERANDO""}}",2025-11-08 10:58:46,"DOBRA","DOBRA","308219"
"54","{""PRENSA"":{""ESTADO"":""PARADO"",""OPERADOR"":""AUSENTE""},""BOBINA"":{""ESTADO"":""OPERANDO"",""VOLUME"":""BAIXO""}}",2025-11-08 10:58:48,"SETREMA","CORTE-ESTAMPO","308256"
"55","{""DOBRA"":{""ESTADO"":""OPERANDO""},""SOLDA"":{""ESTADO"":""OPERANDO""}}",2025-11-08 10:58:50,"DOBRA","DOBRA","308270"
"56","{""PRENSA"":{""ESTADO"":""OPERANDO"",""OPERADOR"":""TRABALHANDO""},""BOBINA"":{""ESTADO"":""OPERANDO"",""VOLUME"":""ALTO""}}",2025-11-08 10:58:52,"SETREMA","CORTE-ESTAMPO","308310"
"57","{""PRENSA"":{""ESTADO"":""OPERANDO"",""OPERADOR"":""TRABALHANDO""},""BOBINA"":{""ESTADO"":""OPERANDO"",""VOLUME"":""BAIXO""}}",2025-11-08 10:58:56,"SETREMA","CORTE-ESTAMPO","308367"
"58","{""DOBRA"":{""ESTADO"":""PARADO""},""SOLDA"":{""ESTADO"":""OPERANDO""}}",2025-11-08 10:59:00,"DOBRA","DOBRA","308435"
"59","{""PRENSA"":{""ESTADO"":""PARADO"",""OPERADOR"":""AUSENTE""},""BOBINA"":{""ESTADO"":""OPERANDO"",""VOLUME"":""BAIXO""}}",2025-11-08 10:59:02,"SETREMA","CORTE-ESTAMPO","308469"
"60","{""DOBRA"":{""ESTADO"":""PARADO""},""SOLDA"":{""ESTADO"":""PARADO""}}",2025-11-08 10:59:04,"DOBRA","DOBRA","308483"
"61","{""PRENSA"":{""ESTADO"":""PARADO"",""OPERADOR"":""AUSENTE""},""BOBINA"":{""ESTADO"":""PARADO"",""VOLUME"":""BAIXO""}}",2025-11-08 10:59:06,"SETREMA","CORTE-ESTAMPO","308521"
"62","{""PRENSA"":{""ESTADO"":""PARADO"",""OPERADOR"":""AUSENTE""},""BOBINA"":{""ESTADO"":""OPERANDO"",""VOLUME"":""BAIXO""}}",2025-11-08 10:59:26,"SETREMA","CORTE-ESTAMPO","308829"
"63","{""PRENSA"":{""ESTADO"":""PARADO"",""OPERADOR"":""AUSENTE""},""BOBINA"":{""ESTADO"":""PARADO"",""VOLUME"":""BAIXO""}}",2025-11-08 10:59:30,"SETREMA","CORTE-ESTAMPO","308880"
"64","{""DOBRA"":{""ESTADO"":""OPERANDO""},""SOLDA"":{""ESTADO"":""OPERANDO""}}",2025-11-08 10:59:38,"DOBRA","DOBRA","309003"
"65","{""PRENSA"":{""ESTADO"":""PARADO"",""OPERADOR"":""AUSENTE""},""BOBINA"":{""ESTADO"":""OPERANDO"",""VOLUME"":""BAIXO""}}",2025-11-08 10:59:51,"SETREMA","CORTE-ESTAMPO","309204"
"66","{""PRENSA"":{""ESTADO"":""PARADO"",""OPERADOR"":""AUSENTE""},""BOBINA"":{""ESTADO"":""PARADO"",""VOLUME"":""BAIXO""}}",2025-11-08 10:59:55,"SETREMA","CORTE-ESTAMPO","309258"
"67","{""PRENSA"":{""ESTADO"":""PARADO"",""OPERADOR"":""AUSENTE""},""BOBINA"":{""ESTADO"":""OPERANDO"",""VOLUME"":""BAIXO""}}",2025-11-08 10:59:59,"SETREMA","CORTE-ESTAMPO","309315"
"68","{""DOBRA"":{""ESTADO"":""PARADO""},""SOLDA"":{""ESTADO"":""OPERANDO""}}",2025-11-08 11:00:00,"DOBRA","DOBRA","309329"
"69","{""PRENSA"":{""ESTADO"":""PARADO"",""OPERADOR"":""AUSENTE""},""BOBINA"":{""ESTADO"":""PARADO"",""VOLUME"":""BAIXO""}}",2025-11-08 11:00:02,"SETREMA","CORTE-ESTAMPO","309372"
"70","{""DOBRA"":{""ESTADO"":""OPERANDO""},""SOLDA"":{""ESTADO"":""OPERANDO""}}",2025-11-08 11:00:04,"DOBRA","DOBRA","309383"
"71","{""PRENSA"":{""ESTADO"":""PARADO"",""OPERADOR"":""AUSENTE""},""BOBINA"":{""ESTADO"":""OPERANDO"",""VOLUME"":""BAIXO""}}",2025-11-08 11:00:06,"SETREMA","CORTE-ESTAMPO","309420"
"72","{""PRENSA"":{""ESTADO"":""PARADO"",""OPERADOR"":""AUSENTE""},""BOBINA"":{""ESTADO"":""PARADO"",""VOLUME"":""BAIXO""}}",2025-11-08 11:00:09,"SETREMA","CORTE-ESTAMPO","309468"
"73","{""PRENSA"":{""ESTADO"":""PARADO"",""OPERADOR"":""AUSENTE""},""BOBINA"":{""ESTADO"":""OPERANDO"",""VOLUME"":""BAIXO""}}",2025-11-08 11:00:12,"SETREMA","CORTE-ESTAMPO","309518"
"74","{""DOBRA"":{""ESTADO"":""PARADO""},""SOLDA"":{""ESTADO"":""PARADO""}}",2025-11-08 11:00:14,"DOBRA","DOBRA","309533"
"75","{""PRENSA"":{""ESTADO"":""PARADO"",""OPERADOR"":""AUSENTE""},""BOBINA"":{""ESTADO"":""PARADO"",""VOLUME"":""BAIXO""}}",2025-11-08 11:00:16,"SETREMA","CORTE-ESTAMPO","309570"
"76","{""DOBRA"":{""ESTADO"":""OPERANDO""},""SOLDA"":{""ESTADO"":""OPERANDO""}}",2025-11-08 11:00:17,"DOBRA","DOBRA","309587"
"77","{""PRENSA"":{""ESTADO"":""PARADO"",""OPERADOR"":""AUSENTE""},""BOBINA"":{""ESTADO"":""OPERANDO"",""VOLUME"":""BAIXO""}}",2025-11-08 11:00:19,"SETREMA","CORTE-ESTAMPO","309621"
"78","{""PRENSA"":{""ESTADO"":""PARADO"",""OPERADOR"":""AUSENTE""},""BOBINA"":{""ESTADO"":""PARADO"",""VOLUME"":""BAIXO""}}",2025-11-08 11:00:23,"SETREMA","CORTE-ESTAMPO","309675"
"79","{""PRENSA"":{""ESTADO"":""PARADO"",""OPERADOR"":""AUSENTE""},""BOBINA"":{""ESTADO"":""OPERANDO"",""VOLUME"":""BAIXO""}}",2025-11-08 11:00:33,"SETREMA","CORTE-ESTAMPO","309831"
"80","{""PRENSA"":{""ESTADO"":""PARADO"",""OPERADOR"":""AUSENTE""},""BOBINA"":{""ESTADO"":""PARADO"",""VOLUME"":""BAIXO""}}",2025-11-08 11:00:37,"SETREMA","CORTE-ESTAMPO","309885"
"81","{""PRENSA"":{""ESTADO"":""PARADO"",""OPERADOR"":""AUSENTE""},""BOBINA"":{""ESTADO"":""OPERANDO"",""VOLUME"":""BAIXO""}}",2025-11-08 11:00:44,"SETREMA","CORTE-ESTAMPO","309992"
"82","{""DOBRA"":{""ESTADO"":""PARADO""},""SOLDA"":{""ESTADO"":""PARADO""}}",2025-11-08 11:00:45,"DOBRA","DOBRA","310007"
"83","{""PRENSA"":{""ESTADO"":""PARADO"",""OPERADOR"":""AUSENTE""},""BOBINA"":{""ESTADO"":""PARADO"",""VOLUME"":""BAIXO""}}",2025-11-08 11:00:47,"SETREMA","CORTE-ESTAMPO","310047"
"84","{""DOBRA"":{""ESTADO"":""OPERANDO""},""SOLDA"":{""ESTADO"":""OPERANDO""}}",2025-11-08 11:00:49,"DOBRA","DOBRA","310062"
"85","{""PRENSA"":{""ESTADO"":""PARADO"",""OPERADOR"":""AUSENTE""},""BOBINA"":{""ESTADO"":""OPERANDO"",""VOLUME"":""BAIXO""}}",2025-11-08 11:00:51,"SETREMA","CORTE-ESTAMPO","310101"
"86","{""PRENSA"":{""ESTADO"":""PARADO"",""OPERADOR"":""AUSENTE""},""BOBINA"":{""ESTADO"":""PARADO"",""VOLUME"":""BAIXO""}}",2025-11-08 11:00:55,"SETREMA","CORTE-ESTAMPO","310158"
"87","{""PRENSA"":{""ESTADO"":""PARADO"",""OPERADOR"":""PROXIMO""},""BOBINA"":{""ESTADO"":""OPERANDO"",""VOLUME"":""BAIXO""}}",2025-11-08 11:00:58,"SETREMA","CORTE-ESTAMPO","310209"
"88","{""PRENSA"":{""ESTADO"":""PARADO"",""OPERADOR"":""AUSENTE""},""BOBINA"":{""ESTADO"":""PARADO"",""VOLUME"":""BAIXO""}}",2025-11-08 11:01:01,"SETREMA","CORTE-ESTAMPO","310259"
"89","{""PRENSA"":{""ESTADO"":""PARADO"",""OPERADOR"":""AUSENTE""},""BOBINA"":{""ESTADO"":""OPERANDO"",""VOLUME"":""BAIXO""}}",2025-11-08 11:01:05,"SETREMA","CORTE-ESTAMPO","310312"
"90","{""PRENSA"":{""ESTADO"":""PARADO"",""OPERADOR"":""AUSENTE""},""BOBINA"":{""ESTADO"":""PARADO"",""VOLUME"":""BAIXO""}}",2025-11-08 11:01:08,"SETREMA","CORTE-ESTAMPO","310362"
"91","{""DOBRA"":{""ESTADO"":""PARADO""},""SOLDA"":{""ESTADO"":""OPERANDO""}}",2025-11-08 11:01:10,"DOBRA","DOBRA","310377"
"92","{""PRENSA"":{""ESTADO"":""PARADO"",""OPERADOR"":""TRABALHANDO""},""BOBINA"":{""ESTADO"":""OPERANDO"",""VOLUME"":""BAIXO""}}",2025-11-08 11:01:12,"SETREMA","CORTE-ESTAMPO","310412"
"93","{""DOBRA"":{""ESTADO"":""OPERANDO""},""SOLDA"":{""ESTADO"":""OPERANDO""}}",2025-11-08 11:01:13,"DOBRA","DOBRA","310427"
"94","{""PRENSA"":{""ESTADO"":""PARADO"",""OPERADOR"":""PROXIMO""},""BOBINA"":{""ESTADO::""PARADO"",""VOLUME"":""BAIXO""}}",2025-11-08 11:01:15,"SETREMA","CORTE-ESTAMPO","310464"
"95","{""PRENSA"":{""ESTADO"":""PARADO"",""OPERADOR"":""AUSENTE""},""BOBINA"":{""ESTADO"":""OPERANDO"",""VOLUME"":""BAIXO""}}",2025-11-08 11:01:19,"SETREMA","CORTE-ESTAMPO","310515"
"96","{""DOBRA"":{""ESTADO"":""PARADO""},""SOLDA"":{""ESTADO"":""OPERANDO""}}",2025-11-08 11:01:20,"DOBRA","DOBRA","310532"
"97","{""PRENSA"":{""ESTADO"":""PARADO"",""OPERADOR"":""PROXIMO""},""BOBINA"":{""ESTADO::""PARADO"",""VOLUME"":""BAIXO""}}",2025-11-08 11:01:22,"SETREMA","CORTE-ESTAMPO","310568"
"98","{""DOBRA"":{""ESTADO"":""OPERANDO""},""SOLDA"":{""ESTADO"":""OPERANDO""}}",2025-11-08 11:01:27,"DOBRA","DOBRA","310637"
"99","{""PRENSA"":{""ESTADO"":""PARADO"",""OPERADOR"":""AUSENTE""},""BOBINA"":{""ESTADO"":""PARADO"",""VOLUME"":""BAIXO""}}",2025-11-08 11:01:29,"SETREMA","CORTE-ESTAMPO","310677"
"100","{""PRENSA"":{""ESTADO"":""PARADO"",""OPERADOR"":""PROXIMO""},""BOBINA"":{""ESTADO::""PARADO"",""VOLUME"":""BAIXO""}}",2025-11-08 11:01:33,"SETREMA","CORTE-ESTAMPO","310728"
"101","{""PRENSA"":{""ESTADO"":""PARADO"",""OPERADOR"":""AUSENTE""},""BOBINA"":{""ESTADO"":""PARADO"",""VOLUME"":""BAIXO""}}",2025-11-08 11:01:37,"SETREMA","CORTE-ESTAMPO","310782"
"102","{""DOBRA"":{""ESTADO"":""PARADO""},""SOLDA"":{""ESTADO"":""OPERANDO""}}",2025-11-08 11:01:38,"DOBRA","DOBRA","310796"
"103","{""PRENSA"":{""ESTADO"":""PARADO"",""OPERADOR"":""PROXIMO""},""BOBINA"":{""ESTADO::""PARADO"",""VOLUME"":""BAIXO""}}",2025-11-08 11:01:40,"SETREMA","CORTE-ESTAMPO","310836"
"104","{""DOBRA"":{""ESTADO"":""OPERANDO""},""SOLDA"":{""ESTADO"":""OPERANDO""}}",2025-11-08 11:01:45,"DOBRA","DOBRA","310905"
"105","{""PRENSA"":{""ESTADO"":""PARADO"",""OPERADOR"":""PROXIMO""},""BOBINA"":{""ESTADO"":""PARADO"",""VOLUME"":""BAIXO""}}",2025-11-08 11:01:47,"SETREMA","CORTE-ESTAMPO","310947"
"106","{""PRENSA"":{""ESTADO"":""PARADO"",""OPERADOR"":""TRABALHANDO""},""BOBINA"":{""ESTADO"":""OPERANDO"",""VOLUME"":""BAIXO""}}",2025-11-08 11:01:51,"SETREMA","CORTE-ESTAMPO","311001"
"107","{""PRENSA"":{""ESTADO"":""PARADO"",""OPERADOR"":""PROXIMO""},""BOBINA"":{""ESTADO"":""PARADO"",""VOLUME"":""BAIXO""}}",2025-11-08 11:01:55,"SETREMA","CORTE-ESTAMPO","311058"
"108","{""DOBRA"":{""ESTADO"":""PARADO""},""SOLDA"":{""ESTADO"":""PARADO""}}",2025-11-08 11:01:57,"DOBRA","DOBRA","311073"
"109","{""PRENSA"":{""ESTADO"":""PARADO"",""OPERADOR"":""PROXIMO""},""BOBINA"":{""ESTADO::""OPERANDO"",""VOLUME"":""BAIXO""}}",2025-11-08 11:01:58,"SETREMA","CORTE-ESTAMPO","311112"
"110","{""DOBRA"":{""ESTADO"":""OPERANDO""},""SOLDA"":{""ESTADO"":""OPERANDO""}}",2025-11-08 11:02:00,"DOBRA","DOBRA","311126"
"111","{""PRENSA"":{""ESTADO"":""PARADO"",""OPERADOR"":""PROXIMO""},""BOBINA"":{""ESTADO::""PARADO"",""VOLUME"":""BAIXO""}}",2025-11-08 11:02:02,"SETREMA","CORTE-ESTAMPO","311160"
"112","{""PRENSA"":{""ESTADO"":""PARADO"",""OPERADOR"":""PROXIMO""},""BOBINA"":{""ESTADO::""OPERANDO"",""VOLUME"":""BAIXO""}}",2025-11-08 11:02:05,"SETREMA","CORTE-ESTAMPO","311211"
"113","{""PRENSA"":{""ESTADO"":""PARADO"",""OPERADOR"":""PROXIMO""},""BOBINA"":{""ESTADO::""PARADO"",""VOLUME"":""BAIXO""}}",2025-11-08 11:02:08,"SETREMA","CORTE-ESTAMPO","311261"
"114","{""PRENSA"":{""ESTADO"":""PARADO"",""OPERADOR"":""TRABALHANDO""},""BOBINA"":{""ESTADO"":""OPERANDO"",""VOLUME"":""BAIXO""}}",2025-11-08 11:02:12,"SETREMA","CORTE-ESTAMPO","311312"
"115","{""PRENSA"":{""ESTADO"":""PARADO"",""OPERADOR"":""PROXIMO""},""BOBINA"":{""ESTADO"":""PARADO"",""VOLUME"":""BAIXO""}}",2025-11-08 11:02:15,"SETREMA","CORTE-ESTAMPO","311363"
"116","{""PRENSA"":{""ESTADO"":""PARADO"",""OPERADOR"":""AUSENTE""},""BOBINA"":{""ESTADO::""PARADO"",""VOLUME"":""BAIXO""}}",2025-11-08 11:02:19,"SETREMA","CORTE-ESTAMPO","311417"
"117","{""PRENSA"":{""ESTADO"":""PARADO"",""OPERADOR"":""TRABALHANDO""},""BOBINA"":{""ESTADO"":""PARADO"",""VOLUME"":""BAIXO:}}",2025-11-08 11:02:22,"SETREMA","CORTE-ESTAMPO","311469"
"118","{""PRENSA"":{""ESTADO"":""PARADO"",""OPERADOR"":""AUSENTE""},""BOBINA"":{""ESTADO"":""OPERANDO"",""VOLUME"":""BAIXO""}}",2025-11-08 11:02:26,"SETREMA","CORTE-ESTAMPO","311519"
"119","{""DOBRA"":{""ESTADO"":""PARADO""},""SOLDA"":{""ESTADO"":""PARADO""}}",2025-11-08 11:02:27,"DOBRA","DOBRA","311537"
"120","{""PRENSA"":{""ESTADO"":""PARADO"",""OPERADOR"":""AUSENTE""},""BOBINA"":{""ESTADO"":""PARADO"",""VOLUME"":""BAIXO""}}",2025-11-08 11:02:29,"SETREMA","CORTE-ESTAMPO","311576"
"121","{""PRENSA"":{""ESTADO"":""PARADO"",""OPERADOR"":""TRABALHANDO""},""BOBINA"":{""ESTADO"":""PARADO"",""VOLUME"":""BAIXO""}}",2025-11-08 11:02:44,"SETREMA","CORTE-ESTAMPO","311789"
"122","{""DOBRA"":{""ESTADO"":""PARADO""},""SOLDA"":{""ESTADO"":""OPERANDO""}}",2025-11-08 11:02:49,"DOBRA","DOBRA","311859"
"123","{""PRENSA"":{""ESTADO"":""PARADO"",""OPERADOR"":""TRABALHANDO""},""BOBINA"":{""ESTADO"":""PARADO"",""VOLUME"":""VAZIO""}}",2025-11-08 11:02:51,"SETREMA","CORTE-ESTAMPO","311900"
"124","{""DOBRA"":{""ESTADO"":""OPERANDO""},""SOLDA"":{""ESTADO"":""OPERANDO""}}",2025-11-08 11:02:52,"DOBRA","DOBRA","311915"
"125","{""PRENSA"":{""ESTADO"":""OPERANDO"",""OPERADOR"":""TRABALHANDO""},""BOBINA"":{""ESTADO"":""PARADO"",""VOLUME"":""VAZIO""}}",2025-11-08 11:02:54,"SETREMA","CORTE-ESTAMPO","311949"
"126","{""PRENSA"":{""ESTADO"":""PARADO"",""OPERADOR"":""TRABALHANDO""},""BOBINA"":{""ESTADO"":""PARADO"",""VOLUME"":""VAZIO""}}",2025-11-08 11:02:58,"SETREMA","CORTE-ESTAMPO","311999"
"127","{""PRENSA"":{""ESTADO"":""PARADO"",""OPERADOR"":""TRABALHANDO""},""BOBINA"":{""ESTADO"":""PARADO"",""VOLUME"":""ALTO""}}",2025-11-08 11:03:01,"SETREMA","CORTE-ESTAMPO","312050"
"128","{""PRENSA"":{""ESTADO"":""PARADO"",""OPERADOR"":""TRABALHANDO""},""BOBINA"":{""ESTADO"":""PARADO"",""VOLUME"":""VAZIO""}}",2025-11-08 11:03:08,"SETREMA","CORTE-ESTAMPO","312152"
"129","{""DOBRA"":{""ESTADO"":""PARADO""},""SOLDA"":{""ESTADO"":""PARADO""}}",2025-11-08 11:03:20,"DOBRA","DOBRA","312323"
"130","{""PRENSA"":{""ESTADO"":""PARADO"",""OPERADOR"":""TRABALHANDO""},""BOBINA"":{""ESTADO"":""PARADO"",""VOLUME"":""ALTO""}}",2025-11-08 11:03:33,"SETREMA","CORTE-ESTAMPO","312521"
"131","{""PRENSA"":{""ESTADO"":""PARADO"",""OPERADOR"":""TRABALHANDO""},""BOBINA"":{""ESTADO"":""PARADO"",""VOLUME"":""VAZIO""}}",2025-11-08 11:03:36,"SETREMA","CORTE-ESTAMPO","312578"
"132","{""DOBRA"":{""ESTADO"":""OPERANDO""},""SOLDA"":{""ESTADO"":""OPERANDO""}}",2025-11-08 11:03:38,"DOBRA","DOBRA","312590"
"133","{""DOBRA"":{""ESTADO"":""PARADO""},""SOLDA"":{""ESTADO"":""OPERANDO""}}",2025-11-08 11:03:56,"DOBRA","DOBRA","312867"
"134","{""PRENSA"":{""ESTADO"":""PARADO"",""OPERADOR"":""TRABALHANDO""},""BOBINA"":{""ESTADO"":""PARADO"",""VOLUME"":""ALTO""}}",2025-11-08 11:03:58,"SETREMA","CORTE-ESTAMPO","312908"
"135","{""DOBRA"":{""ESTADO"":""OPERANDO""},""SOLDA"":{""ESTADO"":""OPERANDO""}}",2025-11-08 11:04:03,"DOBRA","DOBRA","312972"
"136","{""PRENSA"":{""ESTADO"":""PARADO"",""OPERADOR"":""TRABALHANDO""},""BOBINA"":{""ESTADO"":""PARADO"",""VOLUME"":""VAZIO""}}",2025-11-08 11:04:08,"SETREMA","CORTE-ESTAMPO","313058"
"137","{""DOBRA"":{""ESTADO"":""PARADO""},""SOLDA"":{""ESTADO"":""OPERANDO""}}",2025-11-08 11:04:10,"DOBRA","DOBRA","313073"
"138","{""PRENSA"":{""ESTADO"":""PARADO"",""OPERADOR"":""AUSENTE""},""BOBINA"":{""ESTADO"":""OPERANDO"",""VOLUME"":""ALTO""}}",2025-11-08 11:04:15,"SETREMA","CORTE-ESTAMPO","313163"
"139","{""DOBRA"":{""ESTADO"":""OPERANDO""},""SOLDA"":{""ESTADO"":""OPERANDO""}}",2025-11-08 11:04:17,"DOBRA","DOBRA","313179"
"140","{""PRENSA"":{""ESTADO"":""PARADO"",""OPERADOR"":""TRABALHANDO""},""BOBINA"":{""ESTADO"":""PARADO"",""VOLUME"":""ALTO""}}",2025-11-08 11:04:26,"SETREMA","CORTE-ESTAMPO","313320"
"141","{""DOBRA"":{""ESTADO"":""PARADO""},""SOLDA"":{""ESTADO"":""OPERANDO""}}",2025-11-08 11:04:31,"DOBRA","DOBRA","313386"
"142","{""PRENSA"":{""ESTADO"":""PARADO"",""OPERADOR"":""TRABALHANDO""},""BOBINA"":{""ESTADO"":""PARADO"",""VOLUME"":""ALTO:}}",2025-11-08 11:04:36,"SETREMA","CORTE-ESTAMPO","313481"
"143","{""PRENSA"":{""ESTADO"":""PARADO"",""OPERADOR"":""TRABALHANDO""},""BOBINA"":{""ESTADO"":""PARADO"",""VOLUME"":""ALTO""}}",2025-11-08 11:04:40,"SETREMA","CORTE-ESTAMPO","313535"
"144","{""DOBRA"":{""ESTADO"":""OPERANDO""},""SOLDA"":{""ESTADO"":""OPERANDO""}}",2025-11-08 11:04:42,"DOBRA","DOBRA","313548"
"145","{""DOBRA"":{""ESTADO"":""PARADO""},""SOLDA"":{""ESTADO"":""OPERANDO""}}",2025-11-08 11:04:45,"DOBRA","DOBRA","313602"
"146","{""DOBRA"":{""ESTADO"":""OPERANDO""},""SOLDA"":{""ESTADO"":""OPERANDO""}}",2025-11-08 11:04:49,"DOBRA","DOBRA","313656"
"147","{""DOBRA"":{""ESTADO"":""PARADO""},""SOLDA"":{""ESTADO"":""OPERANDO""}}",2025-11-08 11:05:07,"DOBRA","DOBRA","313929"
"148","{""DOBRA"":{""ESTADO"":""OPERANDO""},""SOLDA"":{""ESTADO"":""OPERANDO""}}",2025-11-08 11:05:13,"DOBRA","DOBRA","314032"
"149","{""PRENSA"":{""ESTADO"":""PARADO"",""OPERADOR"":""TRABALHANDO""},""BOBINA"":{""ESTADO"":""PARADO"",""VOLUME"":""ALTO:}}",2025-11-08 11:05:15,"SETREMA","CORTE-ESTAMPO","314066"
"150","{""PRENSA"":{""ESTADO"":""PARADO"",""OPERADOR"":""TRABALHANDO""},""BOBINA"":{""ESTADO"":""PARADO"",""VOLUME"":""ALTO""}}",2025-11-08 11:05:19,"SETREMA","CORTE-ESTAMPO","314117"
"151","{""DOBRA"":{""ESTADO"":""PARADO""},""SOLDA"":{""ESTADO"":""OPERANDO""}}",2025-11-08 11:05:20,"DOBRA","DOBRA","314133"
"152","{""PRENSA"":{""ESTADO"":""PARADO"",""OPERADOR"":""TRABALHANDO""},""BOBINA"":{""ESTADO"":""PARADO"",""VOLUME"":""ALTO:}}",2025-11-08 11:05:22,"SETREMA","CORTE-ESTAMPO","314169"
"153","{""DOBRA"":{""ESTADO"":""OPERANDO""},""SOLDA"":{""ESTADO"":""OPERANDO""}}",2025-11-08 11:05:27,"DOBRA","DOBRA","314235"
"154","{""PRENSA"":{""ESTADO"":""PARADO"",""OPERADOR"":""TRABALHANDO""},""BOBINA"":{""ESTADO"":""PARADO"",""VOLUME"":""ALTO""}}",2025-11-08 11:05:29,"SETREMA","CORTE-ESTAMPO","314273"
"155","{""DOBRA"":{""ESTADO"":""PARADO""},""SOLDA"":{""ESTADO"":""OPERANDO""}}",2025-11-08 11:05:42,"DOBRA","DOBRA","314448"
"156","{""PRENSA"":{""ESTADO"":""PARADO"",""OPERADOR"":""TRABALHANDO""},""BOBINA"":{""ESTADO"":""PARADO"",""VOLUME"":""ALTO:}}",2025-11-08 11:05:43,"SETREMA","CORTE-ESTAMPO","314486"
"157","{""PRENSA"":{""ESTADO"":""PARADO"",""OPERADOR"":""TRABALHANDO""},""BOBINA"":{""ESTADO"":""PARADO"",""VOLUME"":""ALTO""}}",2025-11-08 11:05:47,"SETREMA","CORTE-ESTAMPO","314540"
"158","{""DOBRA"":{""ESTADO"":""OPERANDO""},""SOLDA"":{""ESTADO"":""OPERANDO""}}",2025-11-08 11:05:49,"DOBRA","DOBRA","314556"
"159","{""PRENSA"":{""ESTADO"":""PARADO"",""OPERADOR"":""TRABALHANDO""},""BOBINA"":{""ESTADO"":""PARADO"",""VOLUME"":""ALTO:}}",2025-11-08 11:05:51,"SETREMA","CORTE-ESTAMPO","314594"
"160","{""PRENSA"":{""ESTADO"":""PARADO"",""OPERADOR"":""TRABALHANDO""},""BOBINA"":{""ESTADO"":""PARADO"",""VOLUME"":""ALTO""}}",2025-11-08 11:05:54,"SETREMA","CORTE-ESTAMPO","314651"
"161","{""DOBRA"":{""ESTADO"":""PARADO""},""SOLDA"":{""ESTADO"":""OPERANDO""}}",2025-11-08 11:05:56,"DOBRA","DOBRA","314667"
"162","{""DOBRA"":{""ESTADO"":""OPERANDO""},""SOLDA"":{""ESTADO"":""OPERANDO""}}",2025-11-08 11:05:59,"DOBRA","DOBRA","314714"
"163","{""DOBRA"":{""ESTADO"":""PARADO""},""SOLDA"":{""ESTADO"":""OPERANDO""}}",2025-11-08 11:06:20,"DOBRA","DOBRA","315023"
"164","{""PRENSA"":{""ESTADO"":""PARADO"",""OPERADOR"":""TRABALHANDO""},""BOBINA"":{""ESTADO"":""PARADO"",""VOLUME"":""ALTO:}}",2025-11-08 11:06:22,"SETREMA","CORTE-ESTAMPO","315062"
"165","{""DOBRA"":{""ESTADO"":""OPERANDO""},""SOLDA"":{""ESTADO"":""OPERANDO""}}",2025-11-08 11:06:23,"DOBRA","DOBRA","315078"
"166","{""PRENSA"":{""ESTADO"":""PARADO"",""OPERADOR"":""TRABALHANDO""},""BOBINA"":{""ESTADO"":""PARADO"",""VOLUME"":""ALTO""}}",2025-11-08 11:06:25,"SETREMA","CORTE-ESTAMPO","315116"
"167","{""PRENSA"":{""ESTADO"":""PARADO"",""OPERADOR"":""TRABALHANDO""},""BOBINA"":{""ESTADO"":""PARADO"",""VOLUME"":""ALTO:}}",2025-11-08 11:06:29,"SETREMA","CORTE-ESTAMPO","315167"
"168","{""DOBRA"":{""ESTADO"":""PARADO""},""SOLDA"":{""ESTADO"":""PARADO""}}",2025-11-08 11:06:30,"DOBRA","DOBRA","315183"
"169","{""PRENSA"":{""ESTADO"":""PARADO"",""OPERADOR"":""TRABALHANDO""},""BOBINA"":{""ESTADO"":""PARADO"",""VOLUME"":""ALTO""}}",2025-11-08 11:06:32,"SETREMA","CORTE-ESTAMPO","315221"
"170","{""DOBRA"":{""ESTADO"":""OPERANDO""},""SOLDA"":{""ESTADO"":""OPERANDO""}}",2025-11-08 11:06:34,"DOBRA","DOBRA","315237"
"171","{""DOBRA"":{""ESTADO"":""PARADO""},""SOLDA"":{""ESTADO"":""OPERANDO""}}",2025-11-08 11:06:52,"DOBRA","DOBRA","315509"
"172","{""DOBRA"":{""ESTADO"":""OPERANDO""},""SOLDA"":{""ESTADO"":""OPERANDO""}}",2025-11-08 11:06:56,"DOBRA","DOBRA","315564"
"173","{""DOBRA"":{""ESTADO"":""PARADO""},""SOLDA"":{""ESTADO"":""OPERANDO""}}",2025-11-08 11:07:00,"DOBRA","DOBRA","315621"
"174","{""PRENSA"":{""ESTADO"":""PARADO"",""OPERADOR"":""TRABALHANDO""},""BOBINA"":{""ESTADO"":""PARADO"",""VOLUME"":""ALTO:}}",2025-11-08 11:07:01,"SETREMA","CORTE-ESTAMPO","315656"
"175","{""DOBRA"":{""ESTADO"":""OPERANDO""},""SOLDA"":{""ESTADO"":""OPERANDO""}}",2025-11-08 11:07:06,"DOBRA","DOBRA","315720"
"176","{""PRENSA"":{""ESTADO"":""PARADO"",""OPERADOR"":""TRABALHANDO""},""BOBINA"":{""ESTADO"":""PARADO"",""VOLUME"":""ALTO""}}",2025-11-08 11:07:08,"SETREMA","CORTE-ESTAMPO","315758"
"177","{""DOBRA"":{""ESTADO"":""PARADO""},""SOLDA"":{""ESTADO"":""OPERANDO""}}",2025-11-08 11:07:10,"DOBRA","DOBRA","315770"
"178","{""DOBRA"":{""ESTADO"":""OPERANDO""},""SOLDA"":{""ESTADO"":""OPERANDO""}}",2025-11-08 11:07:13,"DOBRA","DOBRA","315825"
"179","{""DOBRA"":{""ESTADO"":""PARADO""},""SOLDA"":{""ESTADO"":""OPERANDO""}}",2025-11-08 11:07:27,"DOBRA","DOBRA","316032"
"180","{""PRENSA"":{""ESTADO"":""PARADO"",""OPERADOR"":""TRABALHANDO""},""BOBINA"":{""ESTADO"":""PARADO"",""VOLUME"":""ALTO:}}",2025-11-08 11:07:36,"SETREMA","CORTE-ESTAMPO","316175"
"181","{""PRENSA"":{""ESTADO"":""PARADO"",""OPERADOR"":""TRABALHANDO""},""BOBINA"":{""ESTADO"":""PARADO"",""VOLUME"":""ALTO""}}",2025-11-08 11:07:40,"SETREMA","CORTE-ESTAMPO","316232"
"182","{""DOBRA"":{""ESTADO"":""OPERANDO""},""SOLDA"":{""ESTADO"":""OPERANDO""}}",2025-11-08 11:07:42,"DOBRA","DOBRA","316245"
"183","{""DOBRA"":{""ESTADO"":""PARADO""},""SOLDA"":{""ESTADO"":""OPERANDO""}}",2025-11-08 11:07:49,"DOBRA","DOBRA","316356"
"184","{""DOBRA"":{""ESTADO"":""PARADO""},""SOLDA"":{""ESTADO"":""PARADO""}}",2025-11-08 11:07:52,"DOBRA","DOBRA","316410"
"185","{""DOBRA"":{""ESTADO"":""PARADO""},""SOLDA"":{""ESTADO"":""OPERANDO""}}",2025-11-08 11:07:56,"DOBRA","DOBRA","316467"
"186","{""DOBRA"":{""ESTADO"":""OPERANDO""},""SOLDA"":{""ESTADO"":""OPERANDO""}}",2025-11-08 11:08:00,"DOBRA","DOBRA","316512"
"187","{""DOBRA"":{""ESTADO"":""PARADO""},""SOLDA"":{""ESTADO"":""OPERANDO""}}",2025-11-08 11:08:07,"DOBRA","DOBRA","316626"
"188","{""DOBRA"":{""ESTADO"":""OPERANDO""},""SOLDA"":{""ESTADO"":""OPERANDO""}}",2025-11-08 11:08:10,"DOBRA","DOBRA","316677"
"189","{""PRENSA"":{""ESTADO"":""PARADO"",""OPERADOR"":""TRABALHANDO""},""BOBINA"":{""ESTADO"":""PARADO"",""VOLUME"":""ALTO:}}",2025-11-08 11:08:19,"SETREMA","CORTE-ESTAMPO","316814"
"190","{""PRENSA"":{""ESTADO"":""PARADO"",""OPERADOR"":""TRABALHANDO""},""BOBINA"":{""ESTADO"":""PARADO"",""VOLUME"":""ALTO""}}",2025-11-08 11:08:22,"SETREMA","CORTE-ESTAMPO","316868"
"191","{""DOBRA"":{""ESTADO"":""PARADO""},""SOLDA"":{""ESTADO"":""OPERANDO""}}",2025-11-08 11:08:24,"DOBRA","DOBRA","316880"
"192","{""DOBRA"":{""ESTADO"":""OPERANDO""},""SOLDA"":{""ESTADO"":""OPERANDO""}}",2025-11-08 11:08:27,"DOBRA","DOBRA","316935"
"193","{""DOBRA"":{""ESTADO"":""PARADO""},""SOLDA"":{""ESTADO"":""OPERANDO""}}",2025-11-08 11:08:31,"DOBRA","DOBRA","316986"
"194","{""DOBRA"":{""ESTADO"":""OPERANDO""},""SOLDA"":{""ESTADO"":""OPERANDO""}}",2025-11-08 11:08:34,"DOBRA","DOBRA","317040"
"195","{""DOBRA"":{""ESTADO"":""PARADO""},""SOLDA"":{""ESTADO"":""OPERANDO""}}",2025-11-08 11:08:38,"DOBRA","DOBRA","317094"
"196","{""DOBRA"":{""ESTADO"":""OPERANDO""},""SOLDA"":{""ESTADO"":""OPERANDO""}}",2025-11-08 11:08:45,"DOBRA","DOBRA","317202"
"197","{""PRENSA"":{""ESTADO"":""PARADO"",""OPERADOR"":""TRABALHANDO""},""BOBINA"":{""ESTADO"":""PARADO"",""VOLUME"":""ALTO:}}",2025-11-08 11:08:55,"SETREMA","CORTE-ESTAMPO","317354"
"198","{""DOBRA"":{""ESTADO"":""PARADO""},""SOLDA"":{""ESTADO"":""OPERANDO""}}",2025-11-08 11:08:56,"DOBRA","DOBRA","317370"
"199","{""DOBRA"":{""ESTADO"":""OPERANDO""},""SOLDA"":{""ESTADO"":""OPERANDO""}}",2025-11-08 11:08:59,"DOBRA","DOBRA","317421"
"200","{""PRENSA"":{""ESTADO"":""PARADO"",""OPERADOR"":""TRABALHANDO""},""BOBINA"":{""ESTADO"":""PARADO"",""VOLUME"":""VAZIO""}}",2025-11-08 11:09:01,"SETREMA","CORTE-ESTAMPO","317456"
"201","{""PRENSA"":{""ESTADO"":""PARADO"",""OPERADOR"":""AUSENTE""},""BOBINA"":{""ESTADO"":""PARADO"",""VOLUME"":""ALTO""}}",2025-11-08 11:09:05,"SETREMA","CORTE-ESTAMPO","317504"
"202","{""DOBRA"":{""ESTADO"":""PARADO""},""SOLDA"":{""ESTADO"":""PARADO""}}",2025-11-08 11:09:06,"DOBRA","DOBRA","317520"
"203","{""PRENSA"":{""ESTADO"":""PARADO"",""OPERADOR"":""AUSENTE""},""BOBINA"":{""ESTADO"":""OPERANDO"",""VOLUME"":""BAIXO""}}",2025-11-08 11:09:08,"SETREMA","CORTE-ESTAMPO","317558"
"204","{""DOBRA"":{""ESTADO"":""OPERANDO""},""SOLDA"":{""ESTADO"":""OPERANDO""}}",2025-11-08 11:09:10,"DOBRA","DOBRA","317571"
"205","{""PRENSA"":{""ESTADO"":""PARADO"",""OPERADOR"":""AUSENTE""},""BOBINA"":{""ESTADO"":""PARADO"",""VOLUME"":""ALTO""}}",2025-11-08 11:09:12,"SETREMA","CORTE-ESTAMPO","317609"
"206","{""PRENSA"":{""ESTADO"":""PARADO"",""OPERADOR"":""AUSENTE""},""BOBINA"":{""ESTADO"":""PARADO"",""VOLUME"":""ALTO:}}",2025-11-08 11:09:18,"SETREMA","CORTE-ESTAMPO","317714"
"207","{""PRENSA"":{""ESTADO"":""PARADO"",""OPERADOR"":""AUSENTE""},""BOBINA"":{""ESTADO"":""OPERANDO"",""VOLUME"":""ALTO""}}",2025-11-08 11:09:22,"SETREMA","CORTE-ESTAMPO","317759"
"208","{""DOBRA"":{""ESTADO"":""PARADO""},""SOLDA"":{""ESTADO"":""OPERANDO""}}",2025-11-08 11:09:27,"DOBRA","DOBRA","317832"
"209","{""DOBRA"":{""ESTADO"":""OPERANDO""},""SOLDA"":{""ESTADO"":""OPERANDO""}}",2025-11-08 11:09:38,"DOBRA","DOBRA","317994"
"210","{""DOBRA"":{""ESTADO"":""PARADO""},""SOLDA"":{""ESTADO"":""OPERANDO""}}",2025-11-08 11:09:42,"DOBRA","DOBRA","318048"
"211","{""DOBRA"":{""ESTADO"":""OPERANDO""},""SOLDA"":{""ESTADO"":""OPERANDO""}}",2025-11-08 11:09:45,"DOBRA","DOBRA","318102"
"212","{""PRENSA"":{""ESTADO"":""PARADO"",""OPERADOR"":""AUSENTE""},""BOBINA"":{""ESTADO"":""PARADO"",""VOLUME"":""ALTO""}}",2025-11-08 11:10:01,"SETREMA","CORTE-ESTAMPO","318347"
"213","{""DOBRA"":{""ESTADO"":""PARADO""},""SOLDA"":{""ESTADO"":""OPERANDO""}}",2025-11-08 11:10:02,"DOBRA","DOBRA","318363"
"214","{""PRENSA"":{""ESTADO"":""PARADO"",""OPERADOR"":""AUSENTE""},""BOBINA"":{""ESTADO"":""OPERANDO"",""VOLUME"":""ALTO""}}",2025-11-08 11:10:04,"SETREMA","CORTE-ESTAMPO","318398"
"215","{""DOBRA"":{""ESTADO"":""OPERANDO""},""SOLDA"":{""ESTADO"":""OPERANDO""}}",2025-11-08 11:10:06,"DOBRA","DOBRA","318414"
"216","{""PRENSA"":{""ESTADO"":""PARADO"",""OPERADOR"":""TRABALHANDO""},""BOBINA"":{""ESTADO"":""OPERANDO"",""VOLUME"":""ALTO""}}",2025-11-08 11:10:08,"SETREMA","CORTE-ESTAMPO","318449"
"217","{""PRENSA"":{""ESTADO"":""PARADO"",""OPERADOR"":""TRABALHANDO""},""BOBINA"":{""ESTADO"":""PARADO"",""VOLUME"":""ALTO""}}",2025-11-08 11:10:11,"SETREMA","CORTE-ESTAMPO","318501"
"218","{""DOBRA"":{""ESTADO"":""PARADO""},""SOLDA"":{""ESTADO"":""OPERANDO""}}",2025-11-08 11:10:13,"DOBRA","DOBRA","318516"
"219","{""PRENSA"":{""ESTADO"":""PARADO"",""OPERADOR"":""TRABALHANDO""},""BOBINA"":{""ESTADO"":""OPERANDO"",""VOLUME"":""ALTO""}}",2025-11-08 11:10:15,"SETREMA","CORTE-ESTAMPO","318554"
"220","{""PRENSA"":{""ESTADO"":""PARADO"",""OPERADOR"":""AUSENTE""},""BOBINA"":{""ESTADO"":""OPERANDO"",""VOLUME"":""ALTO""}}",2025-11-08 11:10:18,"SETREMA","CORTE-ESTAMPO","318608"
"221","{""DOBRA"":{""ESTADO"":""OPERANDO""},""SOLDA"":{""ESTADO"":""OPERANDO""}}",2025-11-08 11:10:20,"DOBRA","DOBRA","318624"
"222","{""PRENSA"":{""ESTADO"":""PARADO"",""OPERADOR"":""TRABALHANDO""},""BOBINA"":{""ESTADO"":""OPERANDO"",""VOLUME"":""ALTO""}}",2025-11-08 11:10:25,"SETREMA","CORTE-ESTAMPO","318713"
"223","{""DOBRA"":{""ESTADO"":""PARADO""},""SOLDA"":{""ESTADO"":""OPERANDO""}}",2025-11-08 11:10:34,"DOBRA","DOBRA","318837"
"224","{""DOBRA"":{""ESTADO"":""OPERANDO""},""SOLDA"":{""ESTADO"":""OPERANDO""}}",2025-11-08 11:10:38,"DOBRA","DOBRA","318891"
"225","{""DOBRA"":{""ESTADO"":""PARADO""},""SOLDA"":{""ESTADO"":""OPERANDO""}}",2025-11-08 11:10:43,"DOBRA","DOBRA","318951"
"226","{""DOBRA"":{""ESTADO"":""OPERANDO""},""SOLDA"":{""ESTADO"":""OPERANDO""}}",2025-11-08 11:10:52,"DOBRA","DOBRA","319085"
"227","{""PRENSA"":{""ESTADO"":""OPERANDO"",""OPERADOR"":""AUSENTE""},""BOBINA"":{""ESTADO"":""OPERANDO"",""VOLUME"":""ALTO""}}",2025-11-08 11:10:58,"SETREMA","CORTE-ESTAMPO","319199"
"228","{""PRENSA"":{""ESTADO"":""OPERANDO"",""OPERADOR"":""TRABALHANDO""},""BOBINA"":{""ESTADO"":""OPERANDO"",""VOLUME"":""ALTO""}}",2025-11-08 11:11:02,"SETREMA","CORTE-ESTAMPO","319259"
"229","{""DOBRA"":{""ESTADO"":""PARADO""},""SOLDA"":{""ESTADO"":""OPERANDO""}}",2025-11-08 11:11:03,"DOBRA","DOBRA","319272"
"230","{""PRENSA"":{""ESTADO"":""OPERANDO"",""OPERADOR"":""AUSENTE""},""BOBINA"":{""ESTADO"":""OPERANDO"",""VOLUME"":""ALTO""}}",2025-11-08 11:11:05,"SETREMA","CORTE-ESTAMPO","319310"
"231","{""PRENSA"":{""ESTADO"":""PARADO"",""OPERADOR"":""AUSENTE""},""BOBINA"":{""ESTADO"":""OPERANDO"",""VOLUME"":""ALTO""}}",2025-11-08 11:11:09,"SETREMA","CORTE-ESTAMPO","319364"
"232","{""DOBRA"":{""ESTADO"":""OPERANDO""},""SOLDA"":{""ESTADO"":""OPERANDO""}}",2025-11-08 11:11:11,"DOBRA","DOBRA","319380"
"233","{""PRENSA"":{""ESTADO"":""OPERANDO"",""OPERADOR"":""AUSENTE""},""BOBINA"":{""ESTADO"":""OPERANDO"",""VOLUME"":""ALTO""}}",2025-11-08 11:11:13,"SETREMA","CORTE-ESTAMPO","319424"
"234","{""PRENSA"":{""ESTADO"":""PARADO"",""OPERADOR"":""AUSENTE""},""BOBINA"":{""ESTADO"":""OPERANDO"",""VOLUME"":""ALTO""}}",2025-11-08 11:11:17,"SETREMA","CORTE-ESTAMPO","319490"
"235","{""DOBRA"":{""ESTADO"":""PARADO""},""SOLDA"":{""ESTADO"":""OPERANDO""}}",2025-11-08 11:11:19,"DOBRA","DOBRA","319503"
"236","{""PRENSA"":{""ESTADO"":""OPERANDO"",""OPERADOR"":""AUSENTE""},""BOBINA"":{""ESTADO"":""OPERANDO"",""VOLUME"":""ALTO""}}",2025-11-08 11:11:25,"SETREMA","CORTE-ESTAMPO","319604"
"237","{""DOBRA"":{""ESTADO"":""OPERANDO""},""SOLDA"":{""ESTADO"":""OPERANDO""}}",2025-11-08 11:11:27,"DOBRA","DOBRA","319620"
"238","{""DOBRA"":{""ESTADO"":""PARADO""},""SOLDA"":{""ESTADO"":""OPERANDO""}}",2025-11-08 11:11:34,"DOBRA","DOBRA","319734"
"239","{""PRENSA"":{""ESTADO"":""PARADO"",""OPERADOR"":""AUSENTE""},""BOBINA"":{""ESTADO"":""OPERANDO"",""VOLUME"":""ALTO""}}",2025-11-08 11:11:35,"SETREMA","CORTE-ESTAMPO","319765"
"240","{""DOBRA"":{""ESTADO"":""OPERANDO""},""SOLDA"":{""ESTADO"":""OPERANDO""}}",2025-11-08 11:11:37,"DOBRA","DOBRA","319782"
"241","{""PRENSA"":{""ESTADO"":""PARADO"",""OPERADOR"":""TRABALHANDO""},""BOBINA"":{""ESTADO"":""OPERANDO"",""VOLUME"":""ALTO""}}",2025-11-08 11:11:42,"SETREMA","CORTE-ESTAMPO","319865"
"242","{""PRENSA"":{""ESTADO"":""PARADO"",""OPERADOR"":""TRABALHANDO""},""BOBINA"":{""ESTADO"":""PARADO"",""VOLUME"":""ALTO""}}",2025-11-08 11:11:53,"SETREMA","CORTE-ESTAMPO","320024"
"243","{""DOBRA"":{""ESTADO"":""PARADO""},""SOLDA"":{""ESTADO"":""OPERANDO""}}",2025-11-08 11:11:54,"DOBRA","DOBRA","320037"
"244","{""PRENSA"":{""ESTADO"":""OPERANDO"",""OPERADOR"":""TRABALHANDO""},""BOBINA"":{""ESTADO"":""OPERANDO"",""VOLUME"":""ALTO""}}",2025-11-08 11:11:56,"SETREMA","CORTE-ESTAMPO","320075"
"245","{""DOBRA"":{""ESTADO"":""OPERANDO""},""SOLDA"":{""ESTADO"":""OPERANDO""}}",2025-11-08 11:12:01,"DOBRA","DOBRA","320142"
"246","{""DOBRA"":{""ESTADO"":""PARADO""},""SOLDA"":{""ESTADO"":""OPERANDO""}}",2025-11-08 11:12:05,"DOBRA","DOBRA","320196"
"247","{""DOBRA"":{""ESTADO"":""OPERANDO""},""SOLDA"":{""ESTADO"":""OPERANDO""}}",2025-11-08 11:12:08,"DOBRA","DOBRA","320251"
"248","{""DOBRA"":{""ESTADO"":""PARADO""},""SOLDA"":{""ESTADO"":""OPERANDO""}}",2025-11-08 11:12:27,"DOBRA","DOBRA","320543"
"249","{""DOBRA"":{""ESTADO"":""OPERANDO""},""SOLDA"":{""ESTADO"":""OPERANDO""}}",2025-11-08 11:12:31,"DOBRA","DOBRA","320599"
"250","{""PRENSA"":{""ESTADO"":""OPERANDO"",""OPERADOR"":""TRABALHANDO""},""BOBINA"":{""ESTADO"":""OPERANDO"",""VOLUME"":""BAIXO""}}",2025-11-08 11:12:43,"SETREMA","CORTE-ESTAMPO","320787"
"251","{""PRENSA"":{""ESTADO"":""OPERANDO"",""OPERADOR"":""TRABALHANDO""},""BOBINA"":{""ESTADO"":""OPERANDO"",""VOLUME"":""ALTO""}}",2025-11-08 11:12:46,"SETREMA","CORTE-ESTAMPO","320835"
"252","{""DOBRA"":{""ESTADO"":""PARADO""},""SOLDA"":{""ESTADO"":""OPERANDO""}}",2025-11-08 11:12:48,"DOBRA","DOBRA","320848"
"253","{""DOBRA"":{""ESTADO"":""OPERANDO""},""SOLDA"":{""ESTADO"":""OPERANDO""}}",2025-11-08 11:12:51,"DOBRA","DOBRA","320901"
"254","{""PRENSA"":{""ESTADO"":""OPERANDO"",""OPERADOR"":""TRABALHANDO""},""BOBINA"":{""ESTADO"":""OPERANDO"",""VOLUME"":""BAIXO""}}",2025-11-08 11:12:56,"SETREMA","CORTE-ESTAMPO","320991"
"255","{""DOBRA"":{""ESTADO"":""PARADO""},""SOLDA"":{""ESTADO"":""PARADO""}}",2025-11-08 11:13:05,"DOBRA","DOBRA","321109"
"256","{""PRENSA"":{""ESTADO"":""OPERANDO"",""OPERADOR"":""TRABALHANDO""},""BOBINA"":{""ESTADO"":""OPERANDO"",""VOLUME"":""ALTO""}}",2025-11-08 11:13:07,"SETREMA","CORTE-ESTAMPO","321150"
"257","{""DOBRA"":{""ESTADO"":""OPERANDO""},""SOLDA"":{""ESTADO"":""OPERANDO""}}",2025-11-08 11:13:09,"DOBRA","DOBRA","321163"
"258","{""DOBRA"":{""ESTADO"":""PARADO""},""SOLDA"":{""ESTADO"":""OPERANDO""}}",2025-11-08 11:13:12,"DOBRA","DOBRA","321217"
"259","{""DOBRA"":{""ESTADO"":""OPERANDO""},""SOLDA"":{""ESTADO"":""OPERANDO""}}",2025-11-08 11:13:16,"DOBRA","DOBRA","321268"
"260","{""DOBRA"":{""ESTADO"":""PARADO""},""SOLDA"":{""ESTADO"":""OPERANDO""}}",2025-11-08 11:13:23,"DOBRA","DOBRA","321379"
"261","{""DOBRA"":{""ESTADO"":""OPERANDO""},""SOLDA"":{""ESTADO"":""OPERANDO""}}",2025-11-08 11:13:34,"DOBRA","DOBRA","321541"
"262","{""DOBRA"":{""ESTADO"":""PARADO""},""SOLDA"":{""ESTADO"":""OPERANDO""}}",2025-11-08 11:13:47,"DOBRA","DOBRA","321748"
"263","{""DOBRA"":{""ESTADO"":""OPERANDO""},""SOLDA"":{""ESTADO"":""OPERANDO""}}",2025-11-08 11:13:54,"DOBRA","DOBRA","321847"
"264","{""DOBRA"":{""ESTADO"":""PARADO""},""SOLDA"":{""ESTADO"":""OPERANDO""}}",2025-11-08 11:14:04,"DOBRA","DOBRA","321997"
"265","{""DOBRA"":{""ESTADO"":""OPERANDO""},""SOLDA"":{""ESTADO"":""OPERANDO""}}",2025-11-08 11:14:07,"DOBRA","DOBRA","322048"
"266","{""DOBRA"":{""ESTADO"":""PARADO""},""SOLDA"":{""ESTADO"":""OPERANDO""}}",2025-11-08 11:14:35,"DOBRA","DOBRA","322462"
"267","{""PRENSA"":{""ESTADO"":""OPERANDO"",""OPERADOR"":""AUSENTE""},""BOBINA"":{""ESTADO"":""OPERANDO"",""VOLUME"":""ALTO""}}",2025-11-08 11:14:37,"SETREMA","CORTE-ESTAMPO","322500"
"268","{""DOBRA"":{""ESTADO"":""OPERANDO""},""SOLDA"":{""ESTADO"":""OPERANDO""}}",2025-11-08 11:14:39,"DOBRA","DOBRA","322516"
"269","{""DOBRA"":{""ESTADO"":""PARADO""},""SOLDA"":{""ESTADO"":""OPERANDO""}}",2025-11-08 11:14:48,"DOBRA","DOBRA","322666"
"270","{""DOBRA"":{""ESTADO"":""OPERANDO""},""SOLDA"":{""ESTADO"":""OPERANDO""}}",2025-11-08 11:14:58,"DOBRA","DOBRA","322813"
"271","{""DOBRA"":{""ESTADO"":""PARADO""},""SOLDA"":{""ESTADO"":""OPERANDO""}}",2025-11-08 11:15:08,"DOBRA","DOBRA","322963"
"272","{""DOBRA"":{""ESTADO"":""OPERANDO""},""SOLDA"":{""ESTADO"":""OPERANDO""}}",2025-11-08 11:15:12,"DOBRA","DOBRA","323011"
"273","{""DOBRA"":{""ESTADO"":""PARADO""},""SOLDA"":{""ESTADO"":""OPERANDO""}}",2025-11-08 11:15:15,"DOBRA","DOBRA","323062"
"274","{""DOBRA"":{""ESTADO"":""OPERANDO""},""SOLDA"":{""ESTADO"":""OPERANDO""}}",2025-11-08 11:15:19,"DOBRA","DOBRA","323113"
"275","{""DOBRA"":{""ESTADO"":""PARADO""},""SOLDA"":{""ESTADO"":""OPERANDO""}}",2025-11-08 11:15:25,"DOBRA","DOBRA","323219"
"276","{""DOBRA"":{""ESTADO"":""OPERANDO""},""SOLDA"":{""ESTADO"":""OPERANDO""}}",2025-11-08 11:15:33,"DOBRA","DOBRA","323323"
"277","{""DOBRA"":{""ESTADO"":""PARADO""},""SOLDA"":{""ESTADO"":""OPERANDO""}}",2025-11-08 11:15:46,"DOBRA","DOBRA","323533"
"278","{""DOBRA"":{""ESTADO"":""OPERANDO""},""SOLDA"":{""ESTADO"":""OPERANDO""}}",2025-11-08 11:15:50,"DOBRA","DOBRA","323584"
"279","{""DOBRA"":{""ESTADO"":""PARADO""},""SOLDA"":{""ESTADO"":""OPERANDO""}}",2025-11-08 11:16:06,"DOBRA","DOBRA","323828"
"280","{""DOBRA"":{""ESTADO"":""OPERANDO""},""SOLDA"":{""ESTADO"":""OPERANDO""}}",2025-11-08 11:16:10,"DOBRA","DOBRA","323881"
"281","{""DOBRA"":{""ESTADO"":""PARADO""},""SOLDA"":{""ESTADO"":""OPERANDO""}}",2025-11-08 11:16:13,"DOBRA","DOBRA","323932"
"282","{""DOBRA"":{""ESTADO"":""OPERANDO""},""SOLDA"":{""ESTADO"":""OPERANDO""}}",2025-11-08 11:16:16,"DOBRA","DOBRA","323983"
"283","{""DOBRA"":{""ESTADO"":""PARADO""},""SOLDA"":{""ESTADO"":""OPERANDO""}}",2025-11-08 11:16:47,"DOBRA","DOBRA","324436"
"284","{""DOBRA"":{""ESTADO"":""OPERANDO""},""SOLDA"":{""ESTADO"":""OPERANDO""}}",2025-11-08 11:16:50,"DOBRA","DOBRA","324487"
"285","{""DOBRA"":{""ESTADO"":""PARADO""},""SOLDA"":{""ESTADO"":""PARADO""}}",2025-11-08 11:17:00,"DOBRA","DOBRA","324637"
"286","{""DOBRA"":{""ESTADO"":""OPERANDO""},""SOLDA"":{""ESTADO"":""OPERANDO""}}",2025-11-08 11:17:03,"DOBRA","DOBRA","324688"
"287","{""DOBRA"":{""ESTADO"":""PARADO""},""SOLDA"":{""ESTADO"":""OPERANDO""}}",2025-11-08 11:17:17,"DOBRA","DOBRA","324895"
"288","{""DOBRA"":{""ESTADO"":""OPERANDO""},""SOLDA"":{""ESTADO"":""OPERANDO""}}",2025-11-08 11:17:31,"DOBRA","DOBRA","325102"
"289","{""DOBRA"":{""ESTADO"":""PARADO""},""SOLDA"":{""ESTADO"":""OPERANDO""}}",2025-11-08 11:17:35,"DOBRA","DOBRA","325156"
"290","{""DOBRA"":{""ESTADO"":""OPERANDO""},""SOLDA"":{""ESTADO"":""OPERANDO""}}",2025-11-08 11:17:39,"DOBRA","DOBRA","325216"
"291","{""DOBRA"":{""ESTADO"":""PARADO""},""SOLDA"":{""ESTADO"":""OPERANDO""}}",2025-11-08 11:17:56,"DOBRA","DOBRA","325474"
"292","{""DOBRA"":{""ESTADO"":""OPERANDO""},""SOLDA"":{""ESTADO"":""OPERANDO""}}",2025-11-08 11:17:59,"DOBRA","DOBRA","325528"
"293","{""DOBRA"":{""ESTADO"":""PARADO""},""SOLDA"":{""ESTADO"":""PARADO""}}",2025-11-08 11:18:07,"DOBRA","DOBRA","325633"
"294","{""DOBRA"":{""ESTADO"":""PARADO""},""SOLDA"":{""ESTADO"":""OPERANDO""}}",2025-11-08 11:18:10,"DOBRA","DOBRA","325687"
"295","{""DOBRA"":{""ESTADO"":""OPERANDO""},""SOLDA"":{""ESTADO"":""OPERANDO""}}",2025-11-08 11:18:17,"DOBRA","DOBRA","325792"
"296","{""DOBRA"":{""ESTADO"":""PARADO""},""SOLDA"":{""ESTADO"":""OPERANDO""}}",2025-11-08 11:18:32,"DOBRA","DOBRA","326011"
"297","{""DOBRA"":{""ESTADO"":""PARADO""},""SOLDA"":{""ESTADO"":""PARADO""}}",2025-11-08 11:18:46,"DOBRA","DOBRA","326227"
"298","{""DOBRA"":{""ESTADO"":""OPERANDO""},""SOLDA"":{""ESTADO"":""OPERANDO""}}",2025-11-08 11:19:03,"DOBRA","DOBRA","326482"
"299","{""DOBRA"":{""ESTADO"":""PARADO""},""SOLDA"":{""ESTADO"":""OPERANDO""}}",2025-11-08 11:19:07,"DOBRA","DOBRA","326536"
"300","{""DOBRA"":{""ESTADO"":""OPERANDO""},""SOLDA"":{""ESTADO"":""OPERANDO""}}",2025-11-08 11:19:14,"DOBRA","DOBRA","326641"
"301","{""PRENSA"":{""ESTADO"":""PARADO"",""OPERADOR"":""TRABALHANDO""},""BOBINA"":{""ESTADO"":""OPERANDO"",""VOLUME"":""ALTO""}}",2025-11-08 11:19:16,"SETREMA","CORTE-ESTAMPO","326677"
"302","{""DOBRA"":{""ESTADO"":""PARADO""},""SOLDA"":{""ESTADO"":""OPERANDO""}}",2025-11-08 11:19:17,"DOBRA","DOBRA","326695"
"303","{""PRENSA"":{""ESTADO"":""OPERANDO"",""OPERADOR"":""AUSENTE""},""BOBINA"":{""ESTADO"":""OPERANDO"",""VOLUME"":""ALTO""}}",2025-11-08 11:19:20,"SETREMA","CORTE-ESTAMPO","326735"
"304","{""DOBRA"":{""ESTADO"":""OPERANDO""},""SOLDA"":{""ESTADO"":""OPERANDO""}}",2025-11-08 11:19:21,"DOBRA","DOBRA","326749"
"305","{""DOBRA"":{""ESTADO"":""PARADO""},""SOLDA"":{""ESTADO"":""OPERANDO""}}",2025-11-08 11:19:25,"DOBRA","DOBRA","326803"
"306","{""DOBRA"":{""ESTADO"":""OPERANDO""},""SOLDA"":{""ESTADO"":""OPERANDO""}}",2025-11-08 11:19:28,"DOBRA","DOBRA","326857"
"307","{""DOBRA"":{""ESTADO"":""PARADO""},""SOLDA"":{""ESTADO"":""OPERANDO""}}",2025-11-08 11:19:36,"DOBRA","DOBRA","326968"
"308","{""DOBRA"":{""ESTADO"":""OPERANDO""},""SOLDA"":{""ESTADO"":""OPERANDO""}}",2025-11-08 11:19:43,"DOBRA","DOBRA","327079"
"309","{""DOBRA"":{""ESTADO"":""PARADO""},""SOLDA"":{""ESTADO"":""OPERANDO""}}",2025-11-08 11:19:57,"DOBRA","DOBRA","327286"
"310","{""DOBRA"":{""ESTADO"":""OPERANDO""},""SOLDA"":{""ESTADO"":""OPERANDO""}}",2025-11-08 11:20:00,"DOBRA","DOBRA","327337"
"311","{""DOBRA"":{""ESTADO"":""PARADO""},""SOLDA"":{""ESTADO"":""OPERANDO""}}",2025-11-08 11:20:11,"DOBRA","DOBRA","327499"
"312","{""DOBRA"":{""ESTADO"":""OPERANDO""},""SOLDA"":{""ESTADO"":""OPERANDO""}}",2025-11-08 11:20:14,"DOBRA","DOBRA","327550"
"313","{""PRENSA"":{""ESTADO"":""PARADO"",""OPERADOR"":""TRABALHANDO""},""BOBINA"":{""ESTADO"":""OPERANDO"",""VOLUME"":""ALTO""}}",2025-11-08 11:20:38,"SETREMA","CORTE-ESTAMPO","327914"
"314","{""PRENSA"":{""ESTADO"":""OPERANDO"",""OPERADOR"":""AUSENTE""},""BOBINA"":{""ESTADO"":""OPERANDO"",""VOLUME"":""ALTO""}}",2025-11-08 11:20:42,"SETREMA","CORTE-ESTAMPO","327968"
"315","{""DOBRA"":{""ESTADO"":""PARADO""},""SOLDA"":{""ESTADO"":""OPERANDO""}}",2025-11-08 11:20:47,"DOBRA","DOBRA","328034"
"316","{""DOBRA"":{""ESTADO"":""OPERANDO""},""SOLDA"":{""ESTADO"":""OPERANDO""}}",2025-11-08 11:20:50,"DOBRA","DOBRA","328084"
"317","{""DOBRA"":{""ESTADO"":""PARADO""},""SOLDA"":{""ESTADO"":""OPERANDO""}}",2025-11-08 11:20:57,"DOBRA","DOBRA","328187"
"318","{""DOBRA"":{""ESTADO"":""OPERANDO""},""SOLDA"":{""ESTADO"":""OPERANDO""}}",2025-11-08 11:21:00,"DOBRA","DOBRA","328237"
"319","{""DOBRA"":{""ESTADO"":""PARADO""},""SOLDA"":{""ESTADO"":""OPERANDO""}}",2025-11-08 11:21:11,"DOBRA","DOBRA","328396"
"320","{""DOBRA"":{""ESTADO"":""OPERANDO""},""SOLDA"":{""ESTADO"":""OPERANDO""}}",2025-11-08 11:21:15,"DOBRA","DOBRA","328451"
"321","{""DOBRA"":{""ESTADO"":""PARADO""},""SOLDA"":{""ESTADO"":""OPERANDO""}}",2025-11-08 11:21:22,"DOBRA","DOBRA","328558"
"322","{""PRENSA"":{""ESTADO"":""OPERANDO"",""OPERADOR"":""TRABALHANDO""},""BOBINA"":{""ESTADO"":""OPERANDO"",""VOLUME"":""ALTO""}}",2025-11-08 11:21:24,"SETREMA","CORTE-ESTAMPO","328598"
"323","{""DOBRA"":{""ESTADO"":""OPERANDO""},""SOLDA"":{""ESTADO"":""OPERANDO""}}",2025-11-08 11:21:25,"DOBRA","DOBRA","328612"
"324","{""PRENSA"":{""ESTADO"":""OPERANDO"",""OPERADOR"":""AUSENTE""},""BOBINA"":{""ESTADO"":""OPERANDO"",""VOLUME"":""ALTO""}}",2025-11-08 11:21:27,"SETREMA","CORTE-ESTAMPO","328652"
"325","{""DOBRA"":{""ESTADO"":""PARADO""},""SOLDA"":{""ESTADO"":""OPERANDO""}}",2025-11-08 11:21:44,"DOBRA","DOBRA","328888"
"326","{""DOBRA"":{""ESTADO"":""OPERANDO""},""SOLDA"":{""ESTADO"":""OPERANDO""}}",2025-11-08 11:21:47,"DOBRA","DOBRA","328939"
"327","{""DOBRA"":{""ESTADO"":""PARADO""},""SOLDA"":{""ESTADO"":""PARADO""}}",2025-11-08 11:21:57,"DOBRA","DOBRA","329095"
"328","{""DOBRA"":{""ESTADO"":""OPERANDO""},""SOLDA"":{""ESTADO"":""OPERANDO""}}",2025-11-08 11:22:01,"DOBRA","DOBRA","329149"
"329","{""DOBRA"":{""ESTADO"":""PARADO""},""SOLDA"":{""ESTADO"":""PARADO""}}",2025-11-08 11:22:19,"DOBRA","DOBRA","329413"
"330","{""DOBRA"":{""ESTADO"":""OPERANDO""},""SOLDA"":{""ESTADO"":""OPERANDO""}}",2025-11-08 11:22:26,"DOBRA","DOBRA","329523"
"331","{""DOBRA"":{""ESTADO"":""PARADO""},""SOLDA"":{""ESTADO"":""PARADO""}}",2025-11-08 11:22:30,"DOBRA","DOBRA","329578"
"332","{""DOBRA"":{""ESTADO"":""PARADO""},""SOLDA"":{""ESTADO"":""OPERANDO""}}",2025-11-08 11:22:33,"DOBRA","DOBRA","329633"
"333","{""DOBRA"":{""ESTADO"":""OPERANDO""},""SOLDA"":{""ESTADO"":""OPERANDO""}}",2025-11-08 11:22:37,"DOBRA","DOBRA","329688"
"334","{""DOBRA"":{""ESTADO"":""PARADO""},""SOLDA"":{""ESTADO"":""OPERANDO""}}",2025-11-08 11:23:05,"DOBRA","DOBRA","330103"
"335","{""DOBRA"":{""ESTADO"":""OPERANDO""},""SOLDA"":{""ESTADO"":""OPERANDO""}}",2025-11-08 11:23:08,"DOBRA","DOBRA","330157"
"336","{""DOBRA"":{""ESTADO"":""PARADO""},""SOLDA"":{""ESTADO"":""OPERANDO""}}",2025-11-08 11:23:19,"DOBRA","DOBRA","330319"
"337","{""DOBRA"":{""ESTADO"":""PARADO""},""SOLDA"":{""ESTADO"":""PARADO""}}",2025-11-08 11:23:23,"DOBRA","DOBRA","330374"
"338","{""DOBRA"":{""ESTADO"":""PARADO""},""SOLDA"":{""ESTADO"":""OPERANDO""}}",2025-11-08 11:23:26,"DOBRA","DOBRA","330428"
"339","{""DOBRA"":{""ESTADO"":""PARADO""},""SOLDA"":{""ESTADO"":""PARADO""}}",2025-11-08 11:23:30,"DOBRA","DOBRA","330481"
"340","{""DOBRA"":{""ESTADO"":""PARADO""},""SOLDA"":{""ESTADO"":""OPERANDO""}}",2025-11-08 11:23:44,"DOBRA","DOBRA","330704"
"341","{""DOBRA"":{""ESTADO"":""OPERANDO""},""SOLDA"":{""ESTADO"":""OPERANDO""}}",2025-11-08 11:23:55,"DOBRA","DOBRA","330854"
"342","{""DOBRA"":{""ESTADO"":""PARADO""},""SOLDA"":{""ESTADO"":""OPERANDO""}}",2025-11-08 11:23:58,"DOBRA","DOBRA","330907"
"343","{""DOBRA"":{""ESTADO"":""OPERANDO""},""SOLDA"":{""ESTADO"":""OPERANDO""}}",2025-11-08 11:24:09,"DOBRA","DOBRA","331064"
"344","{""DOBRA"":{""ESTADO"":""PARADO""},""SOLDA"":{""ESTADO"":""OPERANDO""}}",2025-11-08 11:24:12,"DOBRA","DOBRA","331114"
"345","{""DOBRA"":{""ESTADO"":""OPERANDO""},""SOLDA"":{""ESTADO"":""OPERANDO""}}",2025-11-08 11:24:23,"DOBRA","DOBRA","331274"
"346","{""DOBRA"":{""ESTADO"":""PARADO""},""SOLDA"":{""ESTADO"":""OPERANDO""}}",2025-11-08 11:24:30,"DOBRA","DOBRA","331385"
"347","{""DOBRA"":{""ESTADO"":""OPERANDO""},""SOLDA"":{""ESTADO"":""OPERANDO""}}",2025-11-08 11:24:34,"DOBRA","DOBRA","331439"
"348","{""DOBRA"":{""ESTADO"":""PARADO""},""SOLDA"":{""ESTADO"":""OPERANDO""}}",2025-11-08 11:24:37,"DOBRA","DOBRA","331493"
"349","{""DOBRA"":{""ESTADO"":""PARADO""},""SOLDA"":{""ESTADO"":""PARADO""}}",2025-11-08 11:24:41,"DOBRA","DOBRA","331547"
"350","{""DOBRA"":{""ESTADO"":""PARADO""},""SOLDA"":{""ESTADO"":""OPERANDO""}}",2025-11-08 11:24:45,"DOBRA","DOBRA","331607"
"351","{""DOBRA"":{""ESTADO"":""OPERANDO""},""SOLDA"":{""ESTADO"":""OPERANDO""}}",2025-11-08 11:24:48,"DOBRA","DOBRA","331655"
"352","{""DOBRA"":{""ESTADO"":""PARADO""},""SOLDA"":{""ESTADO"":""OPERANDO""}}",2025-11-08 11:24:51,"DOBRA","DOBRA","331706"
"353","{""DOBRA"":{""ESTADO"":""OPERANDO""},""SOLDA"":{""ESTADO"":""OPERANDO""}}",2025-11-08 11:25:02,"DOBRA","DOBRA","331861"
"354","{""DOBRA"":{""ESTADO"":""PARADO""},""SOLDA"":{""ESTADO"":""PARADO""}}",2025-11-08 11:25:12,"DOBRA","DOBRA","332017"
"355","{""DOBRA"":{""ESTADO"":""PARADO""},""SOLDA"":{""ESTADO"":""OPERANDO""}}",2025-11-08 11:25:16,"DOBRA","DOBRA","332070"
"356","{""DOBRA"":{""ESTADO"":""PARADO""},""SOLDA"":{""ESTADO"":""PARADO""}}",2025-11-08 11:25:19,"DOBRA","DOBRA","332123"
"357","{""DOBRA"":{""ESTADO"":""PARADO""},""SOLDA"":{""ESTADO"":""OPERANDO""}}",2025-11-08 11:25:23,"DOBRA","DOBRA","332177"
"358","{""PRENSA"":{""ESTADO"":""OPERANDO"",""OPERADOR"":""TRABALHANDO""},""BOBINA"":{""ESTADO"":""OPERANDO"",""VOLUME"":""ALTO""}}",2025-11-08 11:25:25,"SETREMA","CORTE-ESTAMPO","332218"
"359","{""DOBRA"":{""ESTADO"":""OPERANDO""},""SOLDA"":{""ESTADO"":""OPERANDO""}}",2025-11-08 11:25:27,"DOBRA","DOBRA","332231"
"360","{""DOBRA"":{""ESTADO"":""PARADO""},""SOLDA"":{""ESTADO"":""OPERANDO""}}",2025-11-08 11:25:30,"DOBRA","DOBRA","332285"
"361","{""PRENSA"":{""ESTADO"":""PARADO"",""OPERADOR"":""TRABALHANDO""},""BOBINA"":{""ESTADO"":""PARADO"",""VOLUME"":""ALTO""}}",2025-11-08 11:25:36,"SETREMA","CORTE-ESTAMPO","332380"
"362","{""PRENSA"":{""ESTADO"":""OPERANDO"",""OPERADOR"":""TRABALHANDO""},""BOBINA"":{""ESTADO"":""OPERANDO"",""VOLUME"":""ALTO""}}",2025-11-08 11:25:40,"SETREMA","CORTE-ESTAMPO","332435"
"363","{""DOBRA"":{""ESTADO"":""OPERANDO""},""SOLDA"":{""ESTADO"":""OPERANDO""}}",2025-11-08 11:25:41,"DOBRA","DOBRA","332449"
"364","{""PRENSA"":{""ESTADO"":""PARADO"",""OPERADOR"":""TRABALHANDO""},""BOBINA"":{""ESTADO"":""OPERANDO"",""VOLUME"":""ALTO""}}",2025-11-08 11:25:43,"SETREMA","CORTE-ESTAMPO","332491"
"365","{""PRENSA"":{""ESTADO"":""OPERANDO"",""OPERADOR"":""TRABALHANDO""},""BOBINA"":{""ESTADO"":""OPERANDO"",""VOLUME"":""ALTO""}}",2025-11-08 11:25:47,"SETREMA","CORTE-ESTAMPO","332545"
"366","{""DOBRA"":{""ESTADO"":""PARADO""},""SOLDA"":{""ESTADO"":""OPERANDO""}}",2025-11-08 11:25:48,"DOBRA","DOBRA","332560"
"367","{""PRENSA"":{""ESTADO"":""OPERANDO"",""OPERADOR"":""AUSENTE""},""BOBINA"":{""ESTADO"":""OPERANDO"",""VOLUME"":""ALTO""}}",2025-11-08 11:25:50,"SETREMA","CORTE-ESTAMPO","332596"
"368","{""DOBRA"":{""ESTADO"":""PARADO""},""SOLDA"":{""ESTADO"":""PARADO""}}",2025-11-08 11:25:59,"DOBRA","DOBRA","332714"
"369","{""DOBRA"":{""ESTADO"":""PARADO""},""SOLDA"":{""ESTADO"":""OPERANDO""}}",2025-11-08 11:26:02,"DOBRA","DOBRA","332764"
"370","{""DOBRA"":{""ESTADO"":""OPERANDO""},""SOLDA"":{""ESTADO"":""OPERANDO""}}",2025-11-08 11:26:05,"DOBRA","DOBRA","332816"
"371","{""DOBRA"":{""ESTADO"":""PARADO""},""SOLDA"":{""ESTADO"":""OPERANDO""}}",2025-11-08 11:26:09,"DOBRA","DOBRA","332869"
"372","{""DOBRA"":{""ESTADO"":""OPERANDO""},""SOLDA"":{""ESTADO"":""OPERANDO""}}",2025-11-08 11:26:20,"DOBRA","DOBRA","333029"
"373","{""DOBRA"":{""ESTADO"":""PARADO""},""SOLDA"":{""ESTADO"":""OPERANDO""}}",2025-11-08 11:26:30,"DOBRA","DOBRA","333191"
"374","{""DOBRA"":{""ESTADO"":""OPERANDO""},""SOLDA"":{""ESTADO"":""OPERANDO""}}",2025-11-08 11:26:38,"DOBRA","DOBRA","333299"
"375","{""DOBRA"":{""ESTADO"":""PARADO""},""SOLDA"":{""ESTADO"":""OPERANDO""}}",2025-11-08 11:26:42,"DOBRA","DOBRA","333356"
"376","{""DOBRA"":{""ESTADO"":""OPERANDO""},""SOLDA"":{""ESTADO"":""OPERANDO""}}",2025-11-08 11:26:59,"DOBRA","DOBRA","333623"
"377","{""DOBRA"":{""ESTADO"":""PARADO""},""SOLDA"":{""ESTADO"":""OPERANDO""}}",2025-11-08 11:27:09,"DOBRA","DOBRA","333775"
"378","{""DOBRA"":{""ESTADO"":""OPERANDO""},""SOLDA"":{""ESTADO"":""OPERANDO""}}",2025-11-08 11:27:20,"DOBRA","DOBRA","333934"
"379","{""DOBRA"":{""ESTADO"":""PARADO""},""SOLDA"":{""ESTADO"":""OPERANDO""}}",2025-11-08 11:27:24,"DOBRA","DOBRA","333988"
"380","{""DOBRA"":{""ESTADO"":""PARADO""},""SOLDA"":{""ESTADO"":""PARADO""}}",2025-11-08 11:27:28,"DOBRA","DOBRA","334046"
"381","{""DOBRA"":{""ESTADO"":""PARADO""},""SOLDA"":{""ESTADO"":""OPERANDO""}}",2025-11-08 11:27:35,"DOBRA","DOBRA","334154"
"382","{""DOBRA"":{""ESTADO"":""PARADO""},""SOLDA"":{""ESTADO"":""PARADO""}}",2025-11-08 11:27:38,"DOBRA","DOBRA","334208"
"383","{""DOBRA"":{""ESTADO"":""PARADO""},""SOLDA"":{""ESTADO"":""OPERANDO""}}",2025-11-08 11:27:42,"DOBRA","DOBRA","334262"
"384","{""DOBRA"":{""ESTADO"":""PARADO""},""SOLDA"":{""ESTADO"":""PARADO""}}",2025-11-08 11:27:53,"DOBRA","DOBRA","334433"
"385","{""DOBRA"":{""ESTADO"":""PARADO""},""SOLDA"":{""ESTADO"":""OPERANDO""}}",2025-11-08 11:28:00,"DOBRA","DOBRA","334535"
"386","{""DOBRA"":{""ESTADO"":""OPERANDO""},""SOLDA"":{""ESTADO"":""OPERANDO""}}",2025-11-08 11:28:07,"DOBRA","DOBRA","334633"
"387","{""DOBRA"":{""ESTADO"":""PARADO""},""SOLDA"":{""ESTADO"":""OPERANDO""}}",2025-11-08 11:28:10,"DOBRA","DOBRA","334688"
"388","{""DOBRA"":{""ESTADO"":""OPERANDO""},""SOLDA"":{""ESTADO"":""OPERANDO""}}",2025-11-08 11:28:14,"DOBRA","DOBRA","334739"
"389","{""DOBRA"":{""ESTADO"":""PARADO""},""SOLDA"":{""ESTADO"":""OPERANDO""}}",2025-11-08 11:28:17,"DOBRA","DOBRA","334793"
"390","{""DOBRA"":{""ESTADO"":""PARADO""},""SOLDA"":{""ESTADO"":""PARADO""}}",2025-11-08 11:28:21,"DOBRA","DOBRA","334844"
"391","{""DOBRA"":{""ESTADO"":""OPERANDO""},""SOLDA"":{""ESTADO"":""OPERANDO""}}",2025-11-08 11:28:24,"DOBRA","DOBRA","334898"
"392","{""DOBRA"":{""ESTADO"":""PARADO""},""SOLDA"":{""ESTADO"":""OPERANDO""}}",2025-11-08 11:28:28,"DOBRA","DOBRA","334952"
"393","{""DOBRA"":{""ESTADO"":""OPERANDO""},""SOLDA"":{""ESTADO"":""OPERANDO""}}",2025-11-08 11:28:32,"DOBRA","DOBRA","335006"
"394","{""DOBRA"":{""ESTADO"":""PARADO""},""SOLDA"":{""ESTADO"":""OPERANDO""}}",2025-11-08 11:28:43,"DOBRA","DOBRA","335171"
"395","{""DOBRA"":{""ESTADO"":""OPERANDO""},""SOLDA"":{""ESTADO"":""OPERANDO""}}",2025-11-08 11:29:00,"DOBRA","DOBRA","335441"
"396","{""DOBRA"":{""ESTADO"":""PARADO""},""SOLDA"":{""ESTADO"":""OPERANDO""}}",2025-11-08 11:29:04,"DOBRA","DOBRA","335492"
"397","{""DOBRA"":{""ESTADO"":""OPERANDO""},""SOLDA"":{""ESTADO"":""OPERANDO""}}",2025-11-08 11:29:18,"DOBRA","DOBRA","335699"
"398","{""DOBRA"":{""ESTADO"":""PARADO""},""SOLDA"":{""ESTADO"":""OPERANDO""}}",2025-11-08 11:29:21,"DOBRA","DOBRA","335750"
"399","{""DOBRA"":{""ESTADO"":""OPERANDO""},""SOLDA"":{""ESTADO"":""OPERANDO""}}",2025-11-08 11:29:32,"DOBRA","DOBRA","335910"
"400","{""DOBRA"":{""ESTADO"":""PARADO""},""SOLDA"":{""ESTADO"":""OPERANDO""}}",2025-11-08 11:29:36,"DOBRA","DOBRA","335963"
"401","{""DOBRA"":{""ESTADO"":""OPERANDO""},""SOLDA"":{""ESTADO"":""OPERANDO""}}",2025-11-08 11:29:39,"DOBRA","DOBRA","336020"
"402","{""DOBRA"":{""ESTADO"":""PARADO""},""SOLDA"":{""ESTADO"":""OPERANDO""}}",2025-11-08 11:29:43,"DOBRA","DOBRA","336074"
"403","{""PRENSA"":{""ESTADO"":""OPERANDO"",""OPERADOR"":""TRABALHANDO""},""BOBINA"":{""ESTADO"":""OPERANDO"",""VOLUME"":""ALTO""}}",2025-11-08 11:29:45,"SETREMA","CORTE-ESTAMPO","336088"
"404","{""DOBRA"":{""ESTADO"":""OPERANDO""},""SOLDA"":{""ESTADO"":""OPERANDO""}}",2025-11-08 11:29:54,"DOBRA","DOBRA","336236"
"405","{""DOBRA"":{""ESTADO"":""PARADO""},""SOLDA"":{""ESTADO"":""OPERANDO""}}",2025-11-08 11:29:58,"DOBRA","DOBRA","336293"
"406","{""DOBRA"":{""ESTADO"":""OPERANDO""},""SOLDA"":{""ESTADO"":""OPERANDO""}}",2025-11-08 11:30:08,"DOBRA","DOBRA","336452"
"407","{""DOBRA"":{""ESTADO"":""PARADO""},""SOLDA"":{""ESTADO"":""OPERANDO""}}",2025-11-08 11:30:11,"DOBRA","DOBRA","336503"
"408","{""DOBRA"":{""ESTADO"":""OPERANDO""},""SOLDA"":{""ESTADO"":""OPERANDO""}}",2025-11-08 11:30:15,"DOBRA","DOBRA","336557"
"409","{""PRENSA"":{""ESTADO"":""OPERANDO"",""OPERADOR"":""AUSENTE""},""BOBINA"":{""ESTADO"":""OPERANDO"",""VOLUME"":""ALTO""}}",2025-11-08 11:30:17,"SETREMA","CORTE-ESTAMPO","336592"
"410","{""DOBRA"":{""ESTADO"":""PARADO""},""SOLDA"":{""ESTADO"":""OPERANDO""}}",2025-11-08 11:30:18,"DOBRA","DOBRA","336608"
"411","{""PRENSA"":{""ESTADO"":""OPERANDO"",""OPERADOR"":""TRABALHANDO""},""BOBINA"":{""ESTADO"":""OPERANDO"",""VOLUME"":""ALTO""}}",2025-11-08 11:30:20,"SETREMA","CORTE-ESTAMPO","336646"
"412","{""DOBRA"":{""ESTADO"":""OPERANDO""},""SOLDA"":{""ESTADO"":""OPERANDO""}}",2025-11-08 11:30:29,"DOBRA","DOBRA","336767"
"413","{""DOBRA"":{""ESTADO"":""PARADO""},""SOLDA"":{""ESTADO"":""OPERANDO""}}",2025-11-08 11:30:33,"DOBRA","DOBRA","336821"
"414","{""DOBRA"":{""ESTADO"":""OPERANDO""},""SOLDA"":{""ESTADO"":""OPERANDO""}}",2025-11-08 11:30:40,"DOBRA","DOBRA","336929"
"415","{""DOBRA"":{""ESTADO"":""PARADO""},""SOLDA"":{""ESTADO"":""OPERANDO""}}",2025-11-08 11:30:47,"DOBRA","DOBRA","337037"
"416","{""DOBRA"":{""ESTADO"":""PARADO""},""SOLDA"":{""ESTADO"":""PARADO""}}",2025-11-08 11:31:02,"DOBRA","DOBRA","337256"
"417","{""DOBRA"":{""ESTADO"":""PARADO""},""SOLDA"":{""ESTADO"":""OPERANDO""}}",2025-11-08 11:31:05,"DOBRA","DOBRA","337313"
"418","{""DOBRA"":{""ESTADO"":""PARADO""},""SOLDA"":{""ESTADO"":""PARADO""}}",2025-11-08 11:31:08,"DOBRA","DOBRA","337361"
"419","{""DOBRA"":{""ESTADO"":""PARADO""},""SOLDA"":{""ESTADO"":""OPERANDO""}}",2025-11-08 11:31:29,"DOBRA","DOBRA","337670"
"420","{""DOBRA"":{""ESTADO"":""PARADO""},""SOLDA"":{""ESTADO"":""PARADO""}}",2025-11-08 11:31:40,"DOBRA","DOBRA","337835"
"421","{""DOBRA"":{""ESTADO"":""PARADO""},""SOLDA"":{""ESTADO"":""OPERANDO""}}",2025-11-08 11:31:44,"DOBRA","DOBRA","337889"
"422","{""PRENSA"":{""ESTADO"":""PARADO"",""OPERADOR"":""TRABALHANDO""},""BOBINA"":{""ESTADO"":""OPERANDO"",""VOLUME"":""ALTO""}}",2025-11-08 11:31:57,"SETREMA","CORTE-ESTAMPO","338095"
"423","{""DOBRA"":{""ESTADO"":""PARADO""},""SOLDA"":{""ESTADO"":""PARADO""}}",2025-11-08 11:31:59,"DOBRA","DOBRA","338108"
"424","{""PRENSA"":{""ESTADO"":""OPERANDO"",""OPERADOR"":""TRABALHANDO""},""BOBINA"":{""ESTADO"":""OPERANDO"",""VOLUME"":""ALTO""}}",2025-11-08 11:32:01,"SETREMA","CORTE-ESTAMPO","338148"
"425","{""DOBRA"":{""ESTADO"":""PARADO""},""SOLDA"":{""ESTADO"":""OPERANDO""}}",2025-11-08 11:32:06,"DOBRA","DOBRA","338222"
"426","{""PRENSA"":{""ESTADO"":""OPERANDO"",""OPERADOR"":""AUSENTE""},""BOBINA"":{""ESTADO"":""OPERANDO"",""VOLUME"":""ALTO""}}",2025-11-08 11:32:11,"SETREMA","CORTE-ESTAMPO","338308"
"427","{""PRENSA"":{""ESTADO"":""OPERANDO"",""OPERADOR"":""TRABALHANDO""},""BOBINA"":{""ESTADO"":""OPERANDO"",""VOLUME"":""ALTO""}}",2025-11-08 11:32:14,"SETREMA","CORTE-ESTAMPO","338359"
"428","{""DOBRA"":{""ESTADO"":""PARADO""},""SOLDA"":{""ESTADO"":""PARADO""}}",2025-11-08 11:32:16,"DOBRA","DOBRA","338375"
"429","{""DOBRA"":{""ESTADO"":""PARADO""},""SOLDA"":{""ESTADO"":""OPERANDO""}}",2025-11-08 11:32:27,"DOBRA","DOBRA","338534"
"430","{""DOBRA"":{""ESTADO"":""PARADO""},""SOLDA"":{""ESTADO"":""PARADO""}}",2025-11-08 11:32:34,"DOBRA","DOBRA","338642"
"431","{""DOBRA"":{""ESTADO"":""OPERANDO""},""SOLDA"":{""ESTADO"":""OPERANDO""}}",2025-11-08 11:32:38,"DOBRA","DOBRA","338696"
"432","{""DOBRA"":{""ESTADO"":""PARADO""},""SOLDA"":{""ESTADO"":""OPERANDO""}}",2025-11-08 11:32:41,"DOBRA","DOBRA","338750"
"433","{""DOBRA"":{""ESTADO"":""OPERANDO""},""SOLDA"":{""ESTADO"":""OPERANDO""}}",2025-11-08 11:32:45,"DOBRA","DOBRA","338801"
"434","{""DOBRA"":{""ESTADO"":""PARADO""},""SOLDA"":{""ESTADO"":""PARADO""}}",2025-11-08 11:32:48,"DOBRA","DOBRA","338858"
"435","{""PRENSA"":{""ESTADO"":""PARADO"",""OPERADOR"":""TRABALHANDO""},""BOBINA"":{""ESTADO"":""OPERANDO"",""VOLUME"":""ALTO""}}",2025-11-08 11:32:50,"SETREMA","CORTE-ESTAMPO","338895"
"436","{""DOBRA"":{""ESTADO"":""PARADO""},""SOLDA"":{""ESTADO"":""OPERANDO""}}",2025-11-08 11:32:52,"DOBRA","DOBRA","338912"
"437","{""PRENSA"":{""ESTADO"":""OPERANDO"",""OPERADOR"":""TRABALHANDO""},""BOBINA"":{""ESTADO"":""OPERANDO"",""VOLUME"":""ALTO""}}",2025-11-08 11:32:54,"SETREMA","CORTE-ESTAMPO","338953"
"438","{""DOBRA"":{""ESTADO"":""OPERANDO""},""SOLDA"":{""ESTADO"":""OPERANDO""}}",2025-11-08 11:32:56,"DOBRA","DOBRA","338969"
"439","{""DOBRA"":{""ESTADO"":""PARADO""},""SOLDA"":{""ESTADO"":""OPERANDO""}}",2025-11-08 11:33:10,"DOBRA","DOBRA","339182"
"440","{""DOBRA"":{""ESTADO"":""OPERANDO""},""SOLDA"":{""ESTADO"":""OPERANDO""}}",2025-11-08 11:33:17,"DOBRA","DOBRA","339284"
"441","{""DOBRA"":{""ESTADO"":""PARADO""},""SOLDA"":{""ESTADO"":""OPERANDO""}}",2025-11-08 11:33:20,"DOBRA","DOBRA","339338"
"442","{""DOBRA"":{""ESTADO"":""PARADO""},""SOLDA"":{""ESTADO"":""PARADO""}}",2025-11-08 11:33:31,"DOBRA","DOBRA","339494"
"443","{""DOBRA"":{""ESTADO"":""PARADO""},""SOLDA"":{""ESTADO"":""OPERANDO""}}",2025-11-08 11:33:34,"DOBRA","DOBRA","339548"
"444","{""PRENSA"":{""ESTADO"":""PARADO"",""OPERADOR"":""TRABALHANDO""},""BOBINA"":{""ESTADO"":""OPERANDO"",""VOLUME"":""ALTO""}}",2025-11-08 11:33:36,"SETREMA","CORTE-ESTAMPO","339589"
"445","{""DOBRA"":{""ESTADO"":""OPERANDO""},""SOLDA"":{""ESTADO"":""OPERANDO""}}",2025-11-08 11:33:38,"DOBRA","DOBRA","339602"
"446","{""PRENSA"":{""ESTADO"":""OPERANDO"",""OPERADOR"":""TRABALHANDO""},""BOBINA"":{""ESTADO"":""OPERANDO"",""VOLUME"":""ALTO""}}",2025-11-08 11:33:40,"SETREMA","CORTE-ESTAMPO","339643"
"447","{""DOBRA"":{""ESTADO"":""PARADO""},""SOLDA"":{""ESTADO"":""OPERANDO""}}",2025-11-08 11:33:42,"DOBRA","DOBRA","339656"
"448","{""PRENSA"":{""ESTADO"":""PARADO"",""OPERADOR"":""TRABALHANDO""},""BOBINA"":{""ESTADO"":""OPERANDO"",""VOLUME"":""ALTO""}}",2025-11-08 11:33:44,"SETREMA","CORTE-ESTAMPO","339697"
"449","{""DOBRA"":{""ESTADO"":""PARADO""},""SOLDA"":{""ESTADO"":""PARADO""}}",2025-11-08 11:33:45,"DOBRA","DOBRA","339710"
"450","{""PRENSA"":{""ESTADO"":""OPERANDO"",""OPERADOR"":""TRABALHANDO""},""BOBINA"":{""ESTADO"":""OPERANDO"",""VOLUME"":""ALTO""}}",2025-11-08 11:33:47,"SETREMA","CORTE-ESTAMPO","339751"
"451","{""DOBRA"":{""ESTADO"":""PARADO""},""SOLDA"":{""ESTADO"":""OPERANDO""}}",2025-11-08 11:33:49,"DOBRA","DOBRA","339767"
"452","{""DOBRA"":{""ESTADO"":""OPERANDO""},""SOLDA"":{""ESTADO"":""OPERANDO""}}",2025-11-08 11:33:56,"DOBRA","DOBRA","339878"
"453","{""DOBRA"":{""ESTADO"":""PARADO""},""SOLDA"":{""ESTADO"":""OPERANDO""}}",2025-11-08 11:34:10,"DOBRA","DOBRA","340091"
"454","{""DOBRA"":{""ESTADO"":""OPERANDO""},""SOLDA"":{""ESTADO"":""OPERANDO""}}",2025-11-08 11:34:14,"DOBRA","DOBRA","340142"
"455","{""PRENSA"":{""ESTADO"":""PARADO"",""OPERADOR"":""TRABALHANDO""},""BOBINA"":{""ESTADO"":""OPERANDO"",""VOLUME"":""ALTO""}}",2025-11-08 11:34:30,"SETREMA","CORTE-ESTAMPO","340390"
"456","{""PRENSA"":{""ESTADO"":""OPERANDO"",""OPERADOR"":""TRABALHANDO""},""BOBINA"":{""ESTADO"":""OPERANDO"",""VOLUME"":""ALTO""}}",2025-11-08 11:34:33,"SETREMA","CORTE-ESTAMPO","340444"
"457","{""PRENSA"":{""ESTADO"":""PARADO"",""OPERADOR"":""TRABALHANDO""},""BOBINA"":{""ESTADO"":""OPERANDO"",""VOLUME"":""ALTO""}}",2025-11-08 11:34:37,"SETREMA","CORTE-ESTAMPO","340495"
"458","{""DOBRA"":{""ESTADO"":""PARADO""},""SOLDA"":{""ESTADO"":""OPERANDO""}}",2025-11-08 11:34:39,"DOBRA","DOBRA","340511"
"459","{""PRENSA"":{""ESTADO"":""OPERANDO"",""OPERADOR"":""TRABALHANDO""},""BOBINA"":{""ESTADO"":""OPERANDO"",""VOLUME"":""ALTO""}}",2025-11-08 11:34:41,"SETREMA","CORTE-ESTAMPO","340552"
"460","{""DOBRA"":{""ESTADO"":""OPERANDO""},""SOLDA"":{""ESTADO"":""OPERANDO""}}",2025-11-08 11:34:46,"DOBRA","DOBRA","340619"
"461","{""DOBRA"":{""ESTADO"":""PARADO""},""SOLDA"":{""ESTADO"":""OPERANDO""}}",2025-11-08 11:35:01,"DOBRA","DOBRA","340838"
"462","{""DOBRA"":{""ESTADO"":""OPERANDO""},""SOLDA"":{""ESTADO"":""OPERANDO""}}",2025-11-08 11:35:08,"DOBRA","DOBRA","340950"
"463","{""DOBRA"":{""ESTADO"":""PARADO""},""SOLDA"":{""ESTADO"":""OPERANDO""}}",2025-11-08 11:35:11,"DOBRA","DOBRA","340982"
"464","{""DOBRA"":{""ESTADO"":""PARADO""},""SOLDA"":{""ESTADO"":""PARADO""}}",2025-11-08 11:35:14,"DOBRA","DOBRA","341048"
"465","{""DOBRA"":{""ESTADO"":""OPERANDO""},""SOLDA"":{""ESTADO"":""OPERANDO""}}",2025-11-08 11:35:18,"DOBRA","DOBRA","341099"
"466","{""DOBRA"":{""ESTADO"":""PARADO""},""SOLDA"":{""ESTADO"":""OPERANDO""}}",2025-11-08 11:35:22,"DOBRA","DOBRA","341150"
"467","{""PRENSA"":{""ESTADO"":""PARADO"",""OPERADOR"":""TRABALHANDO""},""BOBINA"":{""ESTADO"":""OPERANDO"",""VOLUME"":""ALTO""}}",2025-11-08 11:35:24,"SETREMA","CORTE-ESTAMPO","341197"
"468","{""PRENSA"":{""ESTADO"":""OPERANDO"",""OPERADOR"":""TRABALHANDO""},""BOBINA"":{""ESTADO"":""OPERANDO"",""VOLUME"":""ALTO""}}",2025-11-08 11:35:28,"SETREMA","CORTE-ESTAMPO","341257"
"469","{""PRENSA"":{""ESTADO"":""PARADO"",""OPERADOR"":""TRABALHANDO""},""BOBINA"":{""ESTADO"":""OPERANDO"",""VOLUME"":""ALTO""}}",2025-11-08 11:35:31,"SETREMA","CORTE-ESTAMPO","341308"
"470","{""DOBRA"":{""ESTADO"":""OPERANDO""},""SOLDA"":{""ESTADO"":""OPERANDO""}}",2025-11-08 11:35:33,"DOBRA","DOBRA","341321"
"471","{""PRENSA"":{""ESTADO"":""OPERANDO"",""OPERADOR"":""TRABALHANDO""},""BOBINA"":{""ESTADO"":""OPERANDO"",""VOLUME"":""ALTO""}}",2025-11-08 11:35:35,"SETREMA","CORTE-ESTAMPO","341361"
"472","{""PRENSA"":{""ESTADO"":""PARADO"",""OPERADOR"":""TRABALHANDO""},""BOBINA"":{""ESTADO"":""OPERANDO"",""VOLUME"":""ALTO""}}",2025-11-08 11:35:38,"SETREMA","CORTE-ESTAMPO","341413"
"473","{""PRENSA"":{""ESTADO"":""OPERANDO"",""OPERADOR"":""TRABALHANDO""},""BOBINA"":{""ESTADO"":""OPERANDO"",""VOLUME"":""ALTO""}}",2025-11-08 11:35:42,"SETREMA","CORTE-ESTAMPO","341467"
"474","{""DOBRA"":{""ESTADO"":""PARADO""},""SOLDA"":{""ESTADO"":""OPERANDO""}}",2025-11-08 11:35:43,"DOBRA","DOBRA","341480"
"475","{""DOBRA"":{""ESTADO"":""OPERANDO""},""SOLDA"":{""ESTADO"":""OPERANDO""}}",2025-11-08 11:35:47,"DOBRA","DOBRA","341531"
"476","{""DOBRA"":{""ESTADO"":""PARADO""},""SOLDA"":{""ESTADO"":""OPERANDO""}}",2025-11-08 11:35:50,"DOBRA","DOBRA","341588"
